"","Cote_crédit","Marge_sur_EBITDA","Marge_sur_EBIT","Rendement_sur_cap_prop","Rendement_sur_actif","ratio_tot_liab_sur_tot_actif","ratio_B_non_rep_sur_Tot_actif","ratio_Flux_de_TR_expl_sur_passif_cour","ratio_ben_avt_impot_sur_frais_int","ratio_tot_dette_sur_tot_actif","ratio_actuel","Ratio_de_liquid_réduite","ratio_Fonds_de_roulement","Ratio_de_liquidité","Ratio_Fonds_de_roulmt_sur_ventes","Total_actif","Marge_d_explt","Beta_applique"
"1",6,13.0854,-27.5483,-185.1165,-11.4498,0.990512300613304,-1.05565627334417,0.356544209739459,-1.3647,83.8204,2.3256,1.8369,0.168096245472408,1.2927,0.5026,1593.01,-27.5483,1.2085
"2",4,18.284,9.2993,4.195,2.1495,0.511335712301545,0.1517340114105,0.401467849709716,3.361,23.727,1.1683,0.4615,0.032821214128507,0.0735,0.1214,46799,9.2993,1
"3",6,19.0058,8.6247,38.4525,5.9466,0.841492849166036,0.126337404085162,0.734662379421222,3.4375,33.2937,0.9667,0.8765,-0.0093303072877265,0.7574,0.0096,27759,8.6247,1.0733
"4",3,16.7336,12.3218,17.3866,6.4271,0.546874460071184,0.147931856664017,0.509951496905837,10.257,20.6607,1.284,0.525,0.0586751442689796,0.0383,0.0485,28939,12.3218,0.7331
"5",7,-9.7588,-17.4342,-24.5621,-29.4052,0.991042345276873,14.3599348534202,-0.020042194092827,1.2536,12.2964,0.4156,0.1519,-0.45114006514658,0,-0.2012,1228,-17.4342,1.7643
"6",4,40.1759,22.6794,15.6311,5.2278,0.565744028989678,-0.0336441377742871,0.700933186249665,2.0306,36.1231,0.5885,0.3688,-0.0328897023040892,0.0717,-0.1127,10911.47,22.6794,0.5344
"7",4,10.5096,2.0073,13.0858,3.8515,0.627734976887519,-0.070868170451388,0.196953697481681,0.319,37.8459,0.7028,0.4094,-0.0469271767410139,0.0183,-0.0908,19794.5,2.0073,0.948
"8",3,77.4441,48.4058,7.5629,2.6489,0.649712560230428,0.126942442425805,1.22539571011088,2.3394,51.4528,0.2804,0.1518,-0.0430409093370414,0.0023,-0.3686,9566.178,48.4058,1
"9",3,46.6213,33.0854,12.9758,2.2776,0.637930240058978,0.17656545178086,1.14725274725275,3.047,43.934,2.2385,2.0659,0.0519283048426485,1.2527,0.1568,21703,33.0854,0.5221
"10",7,25.9394,8.8365,22.5859,12.598,0.417204491118791,-0.545895441289919,0.52115401926366,0.9503,27.9349,2.5996,2.1077,0.135815502050428,1.4312,0.2452,2093.465,8.8365,1.3893
"11",5,11.6815,6.6875,6.3827,2.7938,0.585784469104226,0.115385660349299,0.0439763033277788,3.1724,31.7247,2.128,1.4044,0.248776318856344,0.7751,0.2873,2097.973,6.6875,0.8482
"12",6,2.4654,1.2219,-7.3248,-1.5283,0.815017912807419,-0.0790304319225375,0.105714291355217,0.6175,71.6639,1.0232,0.1811,0.0118035073824687,0.0548,0.0184,1989.917,1.2219,0.9505
"13",4,90.5835,69.6717,27.3488,11.8437,0.328099657595963,-0.219003424040368,1.19234006734007,15.5632,12.4707,2.8986,1.548,0.10161740854208,1.3952,0.351,44392,69.6717,0.3537
"14",6,50.7356,3.8717,-0.4151,-0.2027,0.501662556984743,-0.565694123670567,3.57577120244626,0.5627,31.2385,0.7913,0.0239,-0.0082399925736585,0.0239,-0.0377,5914.083,3.8717,2.0469
"15",6,72.382,37.5757,13.3053,4.5626,0.755203656189865,-0.0385754089159718,1.86475157460324,4.5737,32.7711,0.6133,0.6133,-0.035878367543297,0.0443,-0.0178,997.76,37.5757,1.1211
"16",4,41.6959,23.3433,18.1878,5.4433,0.644066105809198,-0.077012602666844,0.813951109747366,4.6812,43.7203,0.5646,0.3134,-0.0707777740830645,0.0148,-0.1855,60146,23.3433,0.7245
"17",4,43.5682,26.8069,26.5778,6.2966,1.10770478507705,0.0731954582319546,0.861241970021413,4.792,52.7413,0.5867,0.4604,-0.078264395782644,0,-0.12,24660,26.8069,1.2085
"18",3,59.2894,31.4745,2.0602,1.1797,16.8486651859364,0.575133497684087,1.18140509563674,1.441,5.616,1.91,1.8652,0.0346365550476001,1.8118,0.2755,245.7346,31.4745,0.8784
"19",7,-0.4823,-3.1605,36.1536,-7.1981,1.23670510972289,-0.435968284478616,-0.0444009141364675,-0.7444,39.324,0.8804,0.2809,-0.0733621656255006,0.1683,-0.0595,24972,-3.1605,1.7643
"20",4,52.1849,51.7753,15.5813,4.4523,1.6488854984557,0.258140140661631,0.171259615319334,2.4897,45.1792,1.0739,0.6264,0.319837755367841,0.1521,0.0096,5374.6,51.7753,0.7331
"21",2,28.5018,9.0551,4.5518,1.2669,0.734761495045365,0.232044505504514,0.938170197871731,1.2536,63.1337,1.6209,1.2738,0.0578691024042614,1.1852,0.0647,2360.517,9.0551,1
"22",4,66.0403,44.4019,2.9732,0.4283,0.185515006821282,0.0515006821282401,0.764345083983901,2.5328,45.93,1.0713,0.4785,0.02763382706425,0.0377,-0.1127,6157.2,44.4019,0.6997
"23",4,44.308,25.9057,0.9061,0.5017,0.606148327058322,0,0.394006251149108,1.8905,40.5307,1.0739,0.4721,0.00713930524969809,0.1521,0.0198,56308,25.9057,0.8368
"24",4,66.0403,39.2617,-0.7506,-0.0974,0.492000784511501,0,0.722288438617402,1.7155,30.8313,0.8784,0.3105,-0.00571572665377826,0.0685,0.0114,35691,39.2617,0.6682
"25",6,7.345,7.1189,7.8002,3.0578,0.452278719398407,0.248591417216338,-0.239211779620721,3.8235,34.8486,4.7505,0.1641,0.451893275042335,0.1641,1.2702,7215.5681,7.1189,1
"26",4,19.7625,4.9605,1.4818,0.9582,0.327481322826436,0.380436468527778,1.63851339173065,1.4637,13.4197,6.5137,4.9893,0.205940073631579,3.8298,0.7344,7427.248,4.9605,1.1317
"27",6,26.6361,20.0501,33.0034,16.5062,0.532488541385818,0.3499595578323,0.310481867858917,6.8607,34.6904,2.6041,0.3179,0.290195021119799,0.1575,0.3129,1112.7,20.0501,1.5874
"28",1,73.8458,52.5077,12.324,0.6508,0.0886128916389867,0.0550636731580331,1.07142857142857,1.441,90.8299,2.2385,1.8652,-0.000568040851542857,1.4312,0.2023,270051,11.1401,2.3194
"29",3,49.1118,37.4941,23.631,9.9202,0.587954503928376,0.40274986296364,1.38161884767903,10.3959,32.6535,0.6601,0.2979,-0.0332769961629819,0.0149,-0.0747,43784,37.4941,1.0863
"30",4,48.5553,24.2382,16.1756,7.2368,0.552092267124077,0.325443862725772,1.33026970016574,6.6124,29.174,0.6761,0.4662,-0.0275214090961457,0.0948,-0.0853,78121,24.2382,1.327
"31",4,35.9252,21.9995,9.9686,4.5536,0.550928699820252,0.1802476532854,1.46942800788955,101.5,18.8636,0.8521,0.43,-0.00748951467944877,0.0651,0.0195,10014,21.9995,0.5829
"32",4,14.498,9.9743,18.1937,4.2298,0.717972364396489,0.191082215151934,0.189101783913482,13.5359,39.9963,1.6614,0.2008,0.194888899135683,0.0708,0.2684,19518.3,9.9743,0.9966
"33",3,52.6248,37.7209,17.4307,4.5434,0.654709638794652,0.202255038914388,1.19079837618403,3.0246,45.021,2.3194,2.1759,0.0486429854320495,1.3221,0.1519,20044,37.7209,0.4718
"34",4,42.0899,14.4775,2.8859,1.5433,0.640672074159907,-0.0402085747392816,0.49131341209173,1.7971,40.7648,0.6032,0.1974,-0.0661645422943221,0.1723,-0.1693,8630,14.4775,0.6281
"35",4,36.3855,19.2771,4.3581,2.1944,0.480524208227157,0.0247542773935202,0.534965034965035,2.1622,38.1871,1.0612,0.5979,0.00637058609392064,0.1416,-0.1426,5494,19.2771,1.5894
"36",5,10.9488,5.1641,4.6031,1.362,0.678047839506173,0.193479938271605,0.441035474592522,2.5545,40.8565,1.3432,0.7296,0.0690586419753086,0.1486,0.078,5184,5.1641,0.6822
"37",4,19.6869,13.4929,17.1286,6.7839,0.588277919863598,0.360897982381358,0.679006968641115,7.7204,34.3819,1.8336,1.2682,0.135976129582268,0.6129,0.1631,7038,13.4929,1.1166
"38",6,16.3951,12.3794,28.2033,12.5538,1.21068635402096,0.0738199058241842,1.39154373003663,15.8659,28.1329,2.3288,2.2164,0.130550208047682,0.4248,0.0661,1303.307,12.3794,1.2842
"39",5,4.835,2.5355,5.2297,1.9264,0.619119835987306,-0.398826073524869,0.232903530682509,3.0162,19.6225,1.7498,1.0344,0.311933046872806,0.3237,0.1965,3560.7,2.5355,1.1021
"40",4,19.193,8.045,11.9665,6.1901,0.462352644695209,0.0827989807633075,1.30305434351448,3.319,24.1229,1.3027,0.689,0.0213647691316887,0.0738,0.0337,35713,8.045,1.8109
"41",4,25.9429,-0.4963,-2.257,-1.0241,0.546259614091388,0.0623950230362857,0.172938564472956,-0.0801,38.0227,0.5592,0.1973,-0.128041086849768,0.1963,-0.2814,3197.13,-0.4963,0.8278
"42",4,66.4298,68.3813,-17.664,-3.7356,0.558223622649819,-0.0204385602517174,2.1080648487859,1.6308,41.9915,1.2204,0.6,0.00714012632738612,0.0836,0.0455,15576.195,68.3813,0.7065
"43",6,17.9601,10.4321,26.4204,5.7708,0.738745280481227,-0.0141533298304248,0.810926949048496,2.0906,61.3604,2.4913,1.2584,0.172676198851845,0.3896,0.1771,717.499,10.4321,0.5813
"44",5,47.7814,26.8427,16.7937,5.455,0.611746984985884,0.187245166475927,2.46071991592223,4.0396,45.9827,1.2924,1.1966,0.0160299591560915,0.9826,0.0833,6804.197,26.8427,0.5782
"45",5,33.4719,22.9805,-50.0981,-14.4706,0.735973267400039,-0.358971130343334,0.57026977827939,3.0151,37.9283,0.6564,0.6253,-0.0475317574281986,0.0836,-0.0715,3970.882,22.9805,1.561
"46",7,49.2503,9.9625,1.3338,0.8315,0.370605939322714,-0.438315926668122,1.74330691796959,0.8171,24.1725,1.0713,0.5782,0.00229325724504649,0,0.0614,1451.647,9.9625,1.606
"47",3,53.5343,38.0696,16.1556,4.5395,0.699855526125692,0.2205634481098,2.26885880077369,2.8676,48.5011,0.9072,0.6905,-0.00288947748615459,0.0019,-0.0881,16612,38.0696,1
"48",6,7.35,6.3673,-130.7433,-30.6379,6.07245066095122,-0.879350074953232,-0.222652069476705,1.7592,77.431,1.1276,0,0.0997187705192215,0,0.0036,161.434,6.3673,1
"49",6,-22.3899,-30.9073,-145.4856,-19.1433,0.702097442120351,-0.269865419292141,0.412136671525337,-2.6628,49.0998,1.8609,0.8336,0.175180864362851,0.291,0.4593,1146.301,-30.9073,0.6446
"50",4,29.3329,22.9224,157.1531,15.942,1.02480750478413,-0.154477814347863,0.670497691499372,17.3544,91.2571,0.6998,0.1148,-0.0882526256196764,0.0828,-0.0109,3716.456,22.9224,1.0856
"51",4,13.6124,6.4929,18.8397,6.465,0.368142280524722,0.0621594349142281,0.40194489465154,1.7267,39.4147,2.6029,1.5462,0.199596367305752,1.0519,0.1809,4955,6.4929,1
"52",3,47.1476,18.4174,-24.2252,-2.0353,0.954987576206512,0.471953662427305,0.773726361127936,1.0449,88.0736,1.3895,1.294,0.0241954632252369,1.0533,0.045,1196.092,18.4174,1
"53",6,48.8073,23.6657,2.4062,1.7372,0.252769890641267,-0.47965269352882,0.747897150949608,3.2301,10.8582,1.9658,0.992,0.046061665935314,0.8337,0.4752,4648.92,23.6657,0.5057
"54",4,76.6323,64.7521,37.9223,6.8867,0.823855981416957,-0.0447386759581882,1.09746588693957,2.3617,17.6539,0.5757,0.3132,-0.0151684088269454,0.0247,-0.2892,43050,64.7521,1
"55",3,22.7399,8.8723,20.8081,1.8748,0.836150959689892,0.0328484573140762,0.780061948749217,1.1097,54.5423,0.8047,0.3725,-0.0176108971355672,0.1266,-0.0565,8874.846,8.8723,0.7245
"56",3,21.0362,12.3486,12.3648,3.2525,0.739996901126595,-0.00989060351634206,0.744473493252228,2.1477,48.5392,0.7012,0.4207,-0.0336331320758993,0.0826,-0.0765,5117.989,12.3486,1.0651
"57",4,22.1672,12.5906,6.7898,2.515,0.654672117839801,0.308783374905908,0.4207910321489,4.2274,42.1694,2.0604,1.8711,0.147993446784644,1.142,0.2317,6775.3,12.5906,1
"58",3,38.573,20.9764,6.2475,2.0927,0.675685141406182,0.249978110498205,0.848159509202454,2.9398,26.9766,0.8037,0.4785,-0.0112074249190088,0.0506,-0.074,11421,20.9764,1
"59",1,70.6492,48.4058,4.5968,0.6898,0.848912841479279,0.130443535897912,0.0654734303997032,1.973,81.4022,3.4361,2.1077,-0.0248095149600446,1.7974,0.4593,64572,43.927,1
"60",5,5.5225,3.98,7.8584,3.7778,0.50927320899787,0.147799885708348,0.615176151761518,3.577,32.1263,3.4361,1.1473,0.51368902280638,0.0394,0.2867,1924.9,3.98,1.1541
"61",4,9.1851,5.4369,11.4583,4.1417,0.646911519198664,0.219532554257095,0.0942744323790721,4.3367,33.6728,1.806,0.5859,0.272621035058431,0.1323,0.228,5990,5.4369,1.2499
"62",4,56.4083,55.8042,8.5349,3.8938,0.120274353039357,0.153669095475409,2.90771690632326,2.4252,46.4845,1.8609,0.9617,0.170646448900541,0.4581,0.2818,10161.36,55.8042,0.7601
"63",7,33.9562,11.6548,-0.6014,-0.2361,0.569159898169475,0.156786681213885,0.352358303606817,0.578,35.6124,1.2493,0.5973,0.0254172222895705,0.4511,0.2765,24747,11.6548,1.4612
"64",3,49.778,34.5895,10.4029,3.2352,0.623380271140739,0.05460265148678,0.637691570881226,2.9353,43.4162,0.6164,0.2009,-0.0299977529773051,0.0886,-0.1476,53404,34.5895,0.5025
"65",3,70.2329,36.9467,8.8596,2.7436,0.687382670964575,0.118387092367626,0.989709433943238,2.3119,46.808,0.5223,0.4243,-0.0392224109375602,0,-0.2451,4831.498,36.9467,1
"66",5,31.6153,25.855,8.9689,5.3721,7.0304758121994,0.209281155522311,1.01715433685117,4.3946,30.8584,5.6849,5.5617,0.362039261386719,4.6825,1.2264,991.967,25.855,1.5894
"67",6,13.3353,8.5901,-65.8721,4.7793,1.20574092769419,-0.227310963740423,0.220323214143431,2.0077,98.6493,1.2143,0.7931,0.0484154533466246,0.1624,0.0316,1888.963,8.5901,0.5344
"68",7,25.128,4.5986,-3.194,-7.0403,1.05804201202273,-0.219269179926088,0.338147925435959,0.3697,90.1596,2.6675,0.8252,0.267572392099347,0.5856,0.2152,1036.37,4.5986,1
"69",6,20.1241,-3.7629,-15.1548,-3.861,0.775399444473431,-0.0625063545725293,0.290144899056162,-0.2607,63.4306,1.6418,1.2828,0.0450494056096158,0.6644,0.0829,12323.803,-3.7629,1
"70",4,6.1413,3.7546,24.0843,6.3219,0.744477926824762,-0.436441147717767,0.516058347081628,3.7102,46.2139,1.1626,0.7762,0.0321887734362665,0.0802,0.0132,2976.69,3.7546,1.238
"71",4,27.3564,20.6308,23.5246,7.9107,0.14483172031098,0.0124013528748591,0.833512391866211,8.4899,31.1161,1.7617,0.9261,0.125382509260751,0.4335,0.1835,14434.6832,20.6308,0.8784
"72",3,48.054,28.6019,9.0229,2.1476,1.03395316062705,-0.0339531606270505,0.832470795834167,1.38,97.3918,0.3976,0.2274,-0.0470813454399578,0.0588,-0.5636,6583.393,28.6019,1
"73",6,7.4283,5.0451,3.8678,1.2414,0.673160257919959,0.198384168268923,0.249949640476795,2.2552,43.0054,1.8661,0.4168,0.221289864582512,0.015,0.2023,1072.5498,5.0451,0.8368
"74",3,7.5041,-0.9973,-9.2573,-1.7173,0.831030771867356,0,0.0493355788140492,-0.5046,26.451,1.35,1.2871,0.072576090849099,1.0175,0.1306,1328.0572,-0.9973,1
"75",6,4.6764,-23.3359,-17.0753,-7.5219,0.585247043230405,0.0213271615258751,0.623418957450013,-3.6896,23.95,1.6925,1.2341,0.0608811432595572,1.0112,0.2895,4455.961,-23.3359,2.3266
"76",4,17.5199,-9.9835,-7.9975,-4.009,0.477809311031943,0.252551174445988,0.640854184641933,-4.7957,21.0796,1.0651,0.6618,0.00911780689571886,0.3829,0.0249,33122,-9.9835,1.3205
"77",6,10.5382,5.7617,9.8981,4.7586,3.9701427953267,0.322044611873308,0.461090577230208,6.1235,17.3035,1.8217,1.1174,0.286484715045689,0.6097,0.2292,942.888,5.7617,1.0733
"78",6,-5.773,-31.7375,-16.2483,-10.5482,0.373708604127288,-0.0906760570673986,1.38345864661654,-41.7407,12.0996,4.7481,3.1575,0.258149711296963,3.1455,0.8714,3862.1,-31.7375,0.1894
"79",2,11.7693,6.3366,9.0229,5.2605,0.424562068883779,0.588143266883163,0.963873775843308,14.4681,12.9495,1.3774,0.9613,0.0411027093654443,0.3739,0.0487,42187,6.3366,1.0076
"80",4,35.4139,29.7477,19.0585,7.3572,0.0348520216864473,0.0983347210657785,0.660988217362922,51.6923,19.4505,2.3133,1.4,0.127393838467943,0.8223,0.3053,13960.424,29.7477,0.7065
"81",4,73.455,38.5242,-6.9959,-0.4351,0.903434407222481,-0.138078254843298,0.374310247242938,0.9994,73.6913,0.4765,0.3874,-0.0526860515773126,0.2436,-0.6721,6372.104,38.5242,0.4701
"82",4,41.7899,27.7324,13.3837,4.4157,0.684258072486372,-0.0647651991290517,0.271480214317991,2.9604,52.975,0.135,0.1148,-0.206911994070139,0.0105,-0.8202,12951.4,27.7324,1.0693
"83",5,13.2888,7.9876,16.1446,4.0595,0.73460331078051,-0.0856932556008345,0.573201410570293,2.8141,49.6042,1.951,0.7874,0.165112991596311,0.0396,0.1536,1025.74,7.9876,0.9458
"84",4,22.5997,14.9055,15.153,6.2736,0.593588688491691,-0.00239839620728148,1.08687562808996,3.949,40.2234,0.8033,0.6095,-0.0213840803557217,0.0114,-0.022,7514.188,14.9055,1.0651
"85",4,49.2494,28.339,14.6277,8.3852,0.412450418686646,-1.08301013662406,1.89975629569456,9.1854,20.8495,2.9646,0.9456,0.133230498016747,0.9344,0.3138,9076,28.339,0.2955
"86",4,9.9798,4.7255,9.3318,3.253,0.688204026549891,0.105263157894737,0.391351468516311,2.9673,46.6854,1.2258,0.2573,0.0573686964664408,0.129,0.0522,36309,4.7255,0.5025
"87",3,10.8671,6.0029,16.3942,6.8232,0.56839860411012,0.333307483520744,0.464298276468519,22.7596,19.3641,1.2598,0.8445,0.0859247770453664,0.1496,0.0475,25790,6.0029,1.2842
"88",2,11.883,1.0105,-17.0753,-0.1061,1,0,0.115012719227531,0.3414,26.4721,1.1565,1.1309,0.0142641283820527,0.1773,0.0153,4900.685,1.0105,2.0148
"89",2,13.1158,4.7392,5.148,0.6569,2.08029276419101,-0.00554667977551104,0.658037123796914,3.5455,8.972,2.0144,1.0854,0.0870443652451763,1.0854,0.1502,1830.825,4.7392,1.0693
"90",7,24.6726,6.0765,-1.6024,-0.7619,0.510170353419781,-0.228960081362827,1.13082437275986,0.7273,43.2749,1.2204,1.0125,0.0156369183829138,0.3692,0.0541,7866,6.0765,1.2514
"91",5,16.2502,5.7697,6.1745,1.7901,0.686265001351842,0.200095446747546,0.617278008657207,1.5226,47.865,1.9013,1.1735,0.112433766981006,0.6429,0.1201,5196.615,5.7697,1.5894
"92",4,7.8813,6.1733,12.2711,6.4702,0.461020959192335,0.381825734384454,0.366265445249254,9.4703,23.9988,1.1122,0.4711,0.0190267204869107,0.1456,0.0147,11073.9,6.1733,1
"93",7,1.8607,-0.8255,-71.5223,-2.1123,0.979804512498789,-0.151307744876505,1.09699781560847,-0.1251,79.5123,2.6168,1.1999,0.234503831984436,0.7264,0.2448,381.917,-0.8255,1.5874
"94",7,-10.7873,-40.839,-32.179,-14.286,0.591408723767617,-0.367721938263877,1.56913494809689,-3.3044,46.2764,2.9654,0.7205,0.120824850035554,0.6871,0.3376,822.695,-40.839,0.0733
"95",2,-28.5,-37.1,0,0,0.95818540433925,0.00552268244575937,-0.123552123552124,-4.5802,45.1282,1.278,1.2329,0.042603550295858,1.1673,0.073,5070,-37.1,1
"96",6,37.0758,-1.2528,-7.7133,-3.3964,0.554644429001621,-1.05411165160991,1.23094822571262,-0.1499,33.3889,1.3304,0.5195,0.0263145703034515,0.4852,0.1715,2158.5,-1.2528,0.5733
"97",5,6.9324,-0.9243,-5.501,-2.1745,0.633524206142634,-0.155648099947944,0.0730769230769231,-0.4444,37.7408,1.7769,0.6,0.105153565851119,0.0769,0.1005,1921,-0.9243,1.028
"98",6,23.0196,8.177,22.3611,4.9753,0.772764088149655,-0.100744084415355,1.00407493817664,2.7058,54.216,0.7462,0.4596,-0.0503701498261532,0.0352,-0.0406,792.652,8.177,1.4274
"99",4,76.9964,49.0483,38.305,3.0821,0.855825950397512,-0.139925704297531,0.669312122003298,2.7664,68.8514,0.9147,0.4032,-0.0113764459375944,0.1918,0.0455,10478.668,49.0483,0.7372
"100",5,23.1148,17.1466,20.627,11.1393,0.432554391619662,0.464786462530218,1.3225371120108,6.7537,13.892,2.695,1.8367,0.202417405318292,1.1781,0.2213,6205,17.1466,1.5894
"101",4,56.8519,31.713,14.6381,3.4333,0.702283793978465,0.00925862423702078,0.59876965140123,1.7746,51.9649,0.2399,0.1866,-0.0762636307523489,0,-0.9912,14581,31.713,1
"102",4,35.6643,19.021,10.6977,2.5908,0.738112522686025,0.0600725952813067,0.354639175257732,1.8255,48.5481,1.2619,0.6928,0.023049001814882,0,0.0392,5510,19.021,1
"103",4,39.6989,21.9768,8.9143,2.2071,0.729885057471264,0.0368381383078952,0.366058569371099,1.973,49.5666,0.5967,0.41,-0.0527605049934049,0.0533,-0.2783,31842,21.9768,0.5206
"104",6,25.3901,4.5921,-29.9836,-6.6002,0.779301270487281,-0.067240109522111,0.0610996571091071,0.2433,53.5076,0.8396,0.2432,-0.0376366781030196,0.1643,-0.2412,1558.772,4.5921,1
"105",7,53.1319,13.286,-4.636,-2.8293,0.421472693418136,0.0310599688336555,2.10857074359691,2.2164,27.5527,0.6689,0.5016,-0.0177720224366797,0,-0.0456,2331.361,13.286,1.8588
"106",4,28.0535,14.8895,7.7789,1.8456,0.756032116668715,0.131006513457048,0.477249747219414,5.7313,13.4755,0.7907,0.2133,-0.00847978370406784,0.2133,-0.1038,48822,14.8895,0.4718
"107",3,12.2292,6.9181,26.4204,0.0091,1.27704476949535,-0.274164617120033,0.0723639324779365,1.0014,113.0023,0.4727,0.0337,-0.110758732917876,0.0337,-0.0933,216.308,6.9181,1
"108",3,41.1083,18.5395,8.487,1.0018,0.868255699429616,0.154900344423145,2.08412940515373,1.2467,81.4906,1.4825,1.2764,0.0235378659863053,0.8701,0.1185,510.709,18.5395,1
"109",5,6.7794,3.6363,22.0271,5.5407,0.751265754605192,0.00570936119788861,0.475210970464135,2.969,42.4216,1.1624,0.6002,0.0331789292254659,0.1287,0.0102,9283,3.6363,0.8784
"110",4,27.0274,19.9917,10.6018,4.9885,0.494163424124514,-0.0567972732482732,1.73781743308167,4.7763,33.092,0.6774,0.5635,-0.014176695924954,0.0885,-0.0652,33153,19.9917,1.1436
"111",4,19.8153,4.5964,3.9632,1.9093,0.511530768325685,0.367219672902694,0.782247765006386,0.9721,26.1266,0.9355,0.3863,-0.00594187551476644,0.0741,-0.0444,16998,4.5964,1.238
"112",6,27.7809,6.1361,0.429,0.1917,0.532872556455362,-0.296484231644362,1.33364341946323,0.8286,45.709,1.9335,1.326,0.061683752110195,0.3457,0.1435,3269.84,6.1361,2.0148
"113",5,42.955,25.4786,89.578,6.7357,0.889768556123341,-0.00659064970851027,0.958399240746599,2.5371,64.5164,0.8787,0.3757,-0.0157723192712243,0.0111,-0.0519,9725.9,25.4786,1
"114",2,-6.0681,4.876,2.1813,1.2273,0.462014398968281,-0.0043192249073086,0.216937846610575,3.5576,12.9509,0.9771,0.9654,-0.00331923189096451,0.8775,-0.015,3007.021,4.876,1
"115",4,53.0035,-8.2786,-14.3328,-6.2555,0.551555250042963,0.0421034542017529,0.306521739130435,-1.6238,12.0124,0.8399,0.3362,-0.0189895170991579,0.0377,-0.232,11638,-8.2786,1.7643
"116",4,56.3578,56.695,9.7152,5.3154,0.264216082799382,0.228617953025238,2.13807518796992,4.138,42.3101,1.3704,0.4711,0.00654463171254028,0.1913,-0.0551,15188.326,56.695,0.5829
"117",5,23.2916,16.7039,17.1962,6.9615,0.593175385636687,0.320284108494099,0.663915588379637,5.3363,35.7198,1.3558,0.9604,0.0799872613179154,0.7175,0.1296,2229.43,16.7039,0.9094
"118",4,40.8014,23.7842,23.2225,5.9272,0.745644128690672,0.200410599962182,0.75888665325285,4.4424,53.8372,0.858,0.4691,-0.0228801426294605,0.0828,-0.0927,37019,23.7842,0.732
"119",5,50.3015,19.0196,9.4301,5.7233,0.383803067295612,0.165821224547846,3.06564850695236,4.2387,24.1461,0.8625,0.7199,-0.00714675136890511,0.0219,-0.0084,8437.4,19.0196,1.1211
"120",4,40.5618,21.0674,12.3789,4.8609,0.598299884954621,0.111530103540841,0.553086419753086,3.8793,34.1813,0.7817,0.6113,-0.0395628275597597,0.5101,-0.1086,15646,21.0674,0.7331
"121",5,12.0189,7.7915,8.9118,2.6701,0.680762979010924,0.133610122489807,-0.0784635523125317,3.2797,22.9248,1.1374,0.6012,0.0534335549730505,0.2625,-0.0172,11644.724,7.7915,1.4274
"122",4,6.8805,3.9634,18.7832,5.1203,0.772180779744135,0.00936344847510612,0.486382194781916,3.3646,50.9604,0.8097,0.4029,-0.0566325661330588,0.251,-0.0153,13499.3,3.9634,1
"123",2,41.937,27.0942,34.3679,17.3111,3.1286540872902,0.517072298682137,0.0867362952597151,4.459,42.9519,0.6761,0.1484,-0.156398209276912,0.1484,-0.5355,3971.58,27.0942,0.4252
"124",4,15.3029,11.2404,13.0071,6.7043,1.34840427178455,0.436851880513852,0.4457343412527,8.4511,13.0011,0.8885,0.4033,-0.0319609967497291,0.0208,0.0257,1292.2,11.2404,1.0505
"125",4,34.1462,6.5747,6.7382,3.2389,0.52991558114832,0.172303907866048,0.988991173958432,2.8811,20.0928,0.9401,0.5616,-0.00705540336557276,0.186,-0.0292,89435,6.5747,1.2715
"126",7,7.461,3.0243,-6.7968,-0.0833,0.769934554165823,-0.232770785794041,0.0241801096473929,1.0379,60.644,1.2078,0.3048,0.0912862711036552,0.0037,0.072,923.359,3.0243,1.0505
"127",5,18.1324,9.2783,13.4029,3.9111,0.714403518416712,-0.38653106102254,0.785449146250928,2.5162,53.0181,0.9918,0.6444,-0.00120945574491479,0.0492,0.0106,3638,9.2783,0.8981
"128",7,14.6979,-18.6461,-16.4565,-5.7501,0.658724700111765,-0.218418409133073,0.157965910272985,-1.7742,42.2496,1.6919,0.9955,0.0526687903565174,0.7905,0.1421,883.996,-18.6461,2.3194
"129",4,12.3094,-1.2569,-2.7383,-1.5321,0.439034307496823,0.367141041931385,1.11599423631124,-0.4132,12.2846,1.6192,0.7522,0.0436848792884371,0.3696,0.1894,39350,-1.2569,1.2666
"130",5,81.7365,52.5077,16.0114,3.1711,0.789710350524684,0.174107316997388,2.32939330608802,1.852,62.6955,7.0401,6.7676,0.164467250742196,6.3703,0.9029,5921.951,52.5077,1
"131",4,39.7128,22.0836,14.6381,5.6386,1.92958450484224,0.0615432677288347,0.215079201810327,2.8396,49.0534,0.5857,0.1003,-0.251671352702281,0.0037,-0.3276,16005,22.0836,0.5829
"132",4,37.8906,20.3097,16.7828,4.9161,0.719315339038841,0.115102040816327,0.704520990312164,3.9223,48.9111,0.7809,0.448,-0.0321527320605662,0.096,-0.0759,37975,20.3097,0.7215
"133",4,32.4416,20.3014,16.8302,9.1161,0.447239086441168,0.287077189939289,0.218080149114632,5.7923,18.8205,0.954,0.6188,-0.00855738652789824,0.2563,0.1424,17295,20.3014,0.7608
"134",3,15.9203,8.962,7.4999,2.7723,0.635610085313306,0.185110838077768,0.715245695086098,3.7926,37.794,0.7892,0.3465,-0.0260612248429578,0,-0.0829,5778.7,8.962,1
"135",3,90.4462,38.5242,18.2208,1.9691,0.896458776755291,0.0994182322236211,-1.3026661506813,-0.2607,0,0.9072,0.1519,-0.0177975779076948,0.0828,-0.0853,14552.542,83.9205,0.5813
"136",3,78.9721,51.0888,9.0542,2.6353,4.79388157622913,3.56649349689142,0.409295678920907,2.334,67.4318,0.147,0.0684,-0.212879221149183,0.0052,-0.5655,459.857,51.0888,1
"137",5,44.4823,14.2735,2.5528,0.8661,0.572780816154817,-0.15302902818679,0.760071620411817,1.4758,33.7821,1.2005,0.7386,0.0235591081194783,0.3679,0.1398,9508,14.2735,0.7877
"138",4,63.0404,43.6515,15.251,4.1776,0.673677212703593,0.039837226402361,0.549034808899915,2.4801,50.7972,0.5931,0.2919,-0.0528611287382024,0.1041,-0.4926,99279,43.6515,1.1173
"139",4,62.1275,42.7386,15.251,4.1776,0.673677212703593,0.039837226402361,0.549034808899915,2.4282,50.7972,0.5931,0.2919,-0.0528611287382024,0.1041,-0.4926,99279,42.7386,1
"140",4,17.5431,10.1849,10.0027,4.3919,0.552805542334338,0.282907610132741,0.943594228246611,5.0988,36.5725,2.3367,1.5004,0.1616690464858,0.4672,0.1378,3781.8,10.1849,0.917
"141",2,10.5719,3.0745,4.131,1.329,0.673921115425044,0,0.872579685426723,4.3529,5.0686,1.3218,1.2228,0.014834777518681,0.6272,0.0317,6816.415,3.0745,1
"142",2,11.8951,6.6781,6.2475,2.1349,1,0.697706329989468,0.2462114168836,5.2194,9.7151,1.0002,0.9617,2.94902344875781e-05,0.8066,0.0264,2238.029,6.6781,0.7204
"143",2,14.5592,8.7297,6.7382,4.174,1,0,0.2663139329806,7.9211,6.6095,1.3007,1.2716,0.0317889437867064,1.0785,0.2048,10727,8.7297,0.5344
"144",2,12.2421,6.4299,3.6449,1.8087,0.499861754271163,0,0.710962549293854,5.398,9.6614,3.9135,3.8105,0.158114750257515,3.3868,0.4553,3649.299,6.4299,1
"145",2,56.4962,28.6213,4.1926,2.6742,0.398981254441872,0,1.19347251635151,5.2,29.1595,1.5211,1.3372,0.0363073787068924,1.1353,0.2631,3063.179,28.6213,1
"146",2,61.0653,48.5919,12.324,5.7708,1.542171669693,0.737205657632239,1.44086744170524,21.881,7.0618,2.5467,2.5467,0.0847969745875958,1.7974,0.1631,792.487,48.5919,1
"147",6,50.6978,13.8369,1.2446,0.5405,0.581784041240206,-0.305319188833505,1.97848441892314,3.1145,34.8002,0.8353,0.5777,-0.0116821681111194,0.0697,-0.0551,5866.12,13.8369,1.2637
"148",4,2.0504,-3.2602,-5.5866,-3.1716,0.470008568980291,0.398243359040274,0.137395459976105,-3.6136,22.7292,1.3704,0.2652,0.0664095972579263,0.0191,0.1087,4668,-3.2602,0.8656
"149",4,44.5596,27.8929,0.8754,0.5105,0.401693320790216,0.099822305843002,0.822751322751323,2.0062,23.4661,0.2923,0.2646,-0.0559213964670221,0.0225,-0.8243,9567,27.8929,1
"150",6,12.3616,3.2794,4.0104,1.3774,0.659285548874639,0.242684766548955,0.306420470752771,2.1544,29.2829,0.7783,0.6264,-0.0746497328003397,0.5624,-0.0395,6758.055,3.2794,0.7204
"151",4,10.529,5.9031,2.8255,0.5282,0.724447326041035,0.0996800033463702,0.339794120374664,3.4476,44.2725,1.1764,0.3188,0.0397799761571121,0.1913,0.0414,47813,5.9031,0.804
"152",3,9.9532,6.5664,8.6242,4.3702,0.569372447576662,0.230624497153507,0.617746750768816,5.5136,26.0831,1.9916,1.0423,0.112467028546404,0.4581,0.0812,392.764,6.5664,0.6822
"153",3,47.9801,26.1581,2.1829,0.4037,0.798451592865605,0.22984277981911,0.952574430823117,0.9877,74.5215,1.9094,1.4111,0.0487703162687947,1.1494,0.2818,798.498,26.1581,1
"154",5,58.6652,29.407,5.5196,2.9821,0.407084246613837,-0.485275108188614,1.27766895200784,6.2218,14.5212,0.9833,0.3972,-0.000955431911425842,0.3888,-0.023,7117.2,29.407,0.1613
"155",6,36.915,27.2156,-71.5518,24.6134,1.05096702745367,-20.229143594858,2.20199269850928,3.7881,47.8533,2.1446,2.0027,0.230186797520788,0.6755,0.1435,326.878,27.2156,0.4252
"156",3,0.3112,-2.954,16.7828,3.6962,3.28598345035966,-0.0458520031817427,0.159768165376614,0.8286,22.3952,0.5086,0.4463,-0.0750148786531385,0.1544,-0.1354,1397.976,-2.954,0.6822
