"","Cote_crédit_num","Cote_crédit","RATINGS","Marge_bénéficiaire nette","Marge_sur_EBITDA","Marge_sur_EBIT","Rendement_sur_cap_prop","Rendement_sur_actif","Dette_LT","Total_passif","Total_actif","Bénéfices_non_répartis","Flux_de_trésorie_d'expl","Passif_courant","ratio_ben_avt_impot_sur_frais_int","ratio_tot_dette_sur_tot_actif","ratio_actuel","Ratio_de_liquid_réduite","Ratio_de_liquidité","Fonds_roulement","Ratio_Fonds_de_roulmt_sur_ventes","Marge_opérationnelle","ratio_tot_liab_sur_tot_actif","ratio_B_non_rep_sur_Tot_actif","ratio_Flux_de_TR_expl_sur_passif_cour","ratio_Fonds_de_roulement_sur_tot_actif"
"1",6,"B","B-",-161.2056,-92.8188,-115.4563,-4.4658,-29.2129,3469.285,4109.147,3731.574,-1360.873,157.522,423.059,-3.8273,95.0209,1.6878,1.3719,0.9406,290.965,0.1616,-115.4563,1.10118330763372,-0.364691414400465,0.372340500970314,0.0779737987240773
"2",4,"BBB","BBB+",4.3992,12.3653,8.7018,9.7272,3.5513,4398,10789,16963,5634,1637,5452,4.2122,30.1362,1.2584,0.4248,0.0756,1409,0.1188,8.7018,0.636031362376938,0.332134645994223,0.300256786500367,0.0830631374167305
"3",5,"BB","BB-",5.9685,14.8804,9.164,142.2078,6.2037,5911,13895,15114,336,2421,4424,4.2563,43.7872,0.9826,0.8332,0.6734,-77,0.0075,9.164,0.919346301442371,0.0222310440651052,0.547242314647378,-0.00509461426491994
"4",3,"A","A-",0.4621,12.4982,6.2744,0.6135,0.2583,7437,18028,31948,3331,1812,7591,4.0991,29.8673,1.2006,0.4773,0.0904,1523,0.0887,6.2744,0.564291974458495,0.104263177663704,0.238703728099065,0.047671215725554
"5",4,"BBB","BBB",11.9454,39.2516,21.3914,7.0256,1.9775,3168.7428,4263.2751,6133.4275,-413.4007,216.9802,406.3561,1.7817,51.7856,0.8999,0.549,0.202,-40.6669,-0.0104,21.3914,0.69508852921144,-0.0674012532144547,0.533965652293641,-0.0066303710282709
"6",4,"BBB","BBB",9.2454,29.6443,17.3095,4.5852,2.0049,3366.9,5585.2,10200.6,-600.4,456.2,996.1,2.5265,38.0272,0.7415,0.3592,0.0191,-257.5,-0.038,17.3095,0.547536419426308,-0.058859282787287,0.45798614596928,-0.0252436131207968
"7",3,"A","A",31.2969,77.9516,50.7817,10.5422,3.4825,4818.995,6032.753,9109.875,1018.186,158.04,309.873,2.7409,53.2825,0.4173,0.1171,0.0068,-180.564,-0.4561,50.7817,0.66222127087364,0.111767285500624,0.510015393403104,-0.0198206890873914
"8",3,"A","A",8.4054,47.6638,32.4598,9.8522,1.7535,8149,12525,19724,3345,1396,989,3.3157,42.4762,1.3994,1.2346,0.6127,395,0.1288,32.4598,0.635013181910363,0.169590346785642,1.41152679474216,0.020026363820726
"9",7,"CCC","CCC+",-539.1182,-466.3148,-501.4624,-46.3817,-32.7511,0,700.79,2257.887,-607.654,-70.968,631.603,-12.5635,24.1912,1.2329,1.1815,1.0296,147.106,2.4057,-501.4624,0.310374256993375,-0.269125071360967,-0.112361720891129,0.0651520647401752
"10",5,"BB","BB",3.4617,10.5348,7.1159,5.2382,2.5524,325.947,688.561,1374.57,74.599,127.9,297.185,2.7448,23.9114,2.2261,1.5235,0.9647,364.389,0.3308,7.1159,0.500928290301694,0.0542707901380068,0.430371654020223,0.265093083655252
"11",5,"BB","BB",4.2303,10.954,7.6652,6.5315,3.234,315.129,783.446,1542.219,121.369,59.686,366.351,3.3268,20.632,2.1539,1.4826,0.9012,422.739,0.353,7.6652,0.507999188182742,0.0786976428120779,0.162920259532525,0.274110875303702
"12",5,"BB","BB-",0.0898,2.1068,1.4149,0.582,0.1657,330.351,1103.023,1600.615,-73.028,104.729,724.277,1.2922,58.412,1.1327,0.2564,0.1425,96.083,0.0379,1.4149,0.68912449277309,-0.0456249629048834,0.14459799220464,0.0600288014294506
"13",4,"BBB","BBB-",7.6537,50.3155,31.9233,8.668,2.5401,7788,14951,25264,-13074,2640,1819,4.6227,31.3925,2.6795,1.4502,1.3134,3055,0.39,31.9233,0.591790690310323,-0.517495250158328,1.45134689389775,0.120923052564915
"14",5,"BB","BB-",-69.4203,-4.2451,-76.9741,-22.0868,-9.6242,1754.07,2615.124,4594.085,-3094.968,247.365,151.009,-5.1886,38.1811,0.7754,0.0179,0.0179,-33.914,-0.0693,-76.9741,0.569237182159233,-0.673685401989732,1.63808117396976,-0.00738210111480306
"15",5,"BB","BB-",18.57,73.8863,38.0076,14.3665,7.0149,213.883,1129.4,829.997,3655,155.838,80.774,6.4826,25.7691,0.4754,0.4754,0,-42.374,-0.1241,38.0076,1.36072780985955,4.40363037456762,1.92930893604378,-0.051053196577819
"16",4,"BBB","BBB+",13.9555,39.8407,23.6889,21.7963,6.1793,16572,32254,50108,-6040,6643,10108,5.7939,42.8255,0.4803,0.372,0.0844,-5253,-0.2403,23.6889,0.64368963039834,-0.120539634389718,0.657202216066482,-0.104833559511455
"17",3,"A","A",-7.4027,54.4963,17.2019,8.9378,4.785,14.5948,903.753,254.4966,141.3358,4.9903,9.0959,0.6442,5.8823,1.284,1.2429,0.9958,2.583,-0.0929,17.2019,3.55113977947053,0.555354374085941,0.548631801141173,0.0101494479690495
"18",6,"B","B-",-6.255,1.9157,-0.355,36.1536,-4.4698,8713,26315,22826,-7677,137,9933,-0.1547,38.3072,1.1372,0.458,0.3407,1363,0.0503,-0.355,1.1528520108648,-0.336326995531412,0.0137924091412463,0.0597126084289845
"19",4,"BBB","BBB",17.8611,49.3162,38.1838,8.967,2.8469,1255.3,1546.43,2351.8,400.3,109.9,459,3.5342,53.3761,1.116,0.5772,0.2664,27.7035,0.3577,38.1838,0.65755166255634,0.170210051875159,0.239433551198257,0.0117797006548176
"20",2,"AA","AA-",9.0036,32.8197,15.4852,16.2811,3.9211,1314.283,1525.462,2046.894,424.02,226.435,185.016,2.0923,65.7974,1.4738,1.014,1.014,87.658,0.0696,15.4852,0.745256960057531,0.207152886275498,1.2238671250054,0.0428248849232056
"21",4,"BBB","BBB",5.1292,44.9864,44.4019,2.9732,0.4283,2753.6,4846.432,6157.2,317.1,154.4,2094.3,2.5328,45.93,1.2329,0.7958,0.5051,164.6,-0.0558,44.4019,0.787116221659196,0.0515006821282401,0.0737239172993363,0.0267329305528487
"22",4,"BBB","BBB+",22.4113,41.8913,20.7565,6.0907,2.4301,7752,11631,21275,0,753,1515,1.1199,39.1351,1.0772,0.7795,0.5188,117,0.1087,20.7565,0.546698002350176,0,0.497029702970297,0.0054994124559342
"23",4,"BBB","BBB",-1.4682,57.6672,25.8157,-1.1474,-0.1524,9148,15065,27737,0,632,1733,1.0446,36.7091,0.5234,0.2799,0.1287,-826,-0.3,25.8157,0.543137325593972,0,0.36468551644547,-0.029779716624004
"24",6,"B","B",7.6811,12.4394,12.2488,9.5909,3.8869,2249.7102,2921.5888,5321.6741,1207.0716,125.91,671.8786,4.358,42.2745,5.9001,0.1885,0.1885,3292.3058,1.2678,12.2488,0.548998068107929,0.226821781514204,0.187399926117605,0.618659793541284
"25",4,"BBB","BBB+",-2.534,9.4556,-5.8314,-1.1404,-0.723,1493.327,2990.67,8249.198,3019.872,241.934,469.255,-1.9079,18.1027,4.3512,1.1862,0.6825,1572.578,0.6344,-5.8314,0.362540697895723,0.366080678388372,0.515570425461636,0.190634047091608
"26",1,"AAA","AAA",12.7445,65.3775,9.10718639455782,14.6163,0.5136,0,60889,287940,9815,1441,41.952,1.7592,92.6207,2.3352,0.1171,1.0854,4151,1.0289,-42.4494,0.211464193929291,0.0340869625616448,34.3487795575896,0.0144161978189901
"27",3,"A","A",30.2401,54.3076,44.1306,24.4369,9.9103,9448,22216,37057,13242,5202,3008,11.0667,29.514,0.7005,0.3494,0.0585,-901,-0.0725,44.1306,0.599508864721915,0.357341392989179,1.72938829787234,-0.024313894810697
"28",4,"BBB","BBB+",-1.9401,33.961,-12.2397,-0.7605,-0.346,14993,32381,58648,21526,3452,5092,-2.9861,28.654,0.8515,0.285,0.0033,-756,-0.0614,-12.2397,0.552124539626245,0.367037239121539,0.677926158680283,-0.0128904651480016
"29",3,"A","A-",19.8194,40.9458,29.5865,18.0383,8.1921,1602,5458,10190,2040,1583,1127,77.8125,15.7213,1.1943,1.0426,0.7152,219,0.1321,29.5865,0.535623159960746,0.200196270853778,1.40461401952085,0.0214916584887144
"30",3,"A","A-",27.3553,47.3458,38.2353,28.8306,14.5251,1132,4410,8620,1517,1958,526,13.6667,13.1323,2.3688,2.0798,1.365,720,0.1026,38.2353,0.511600928074246,0.175986078886311,3.72243346007605,0.0835266821345708
"31",4,"BBB","BBB+",4.9229,12.0758,9.0314,15.196,4.2055,4000.3,11871.8,17286.8,3720.7,807.4,5258.2,7.3734,32.3171,1.7603,0.242,0.1244,3997.6,0.2939,9.0314,0.686755212069325,0.215233588634102,0.153550644707314,0.231251590809172
"32",3,"A","A",18.2407,53.5452,36.6873,11.9248,3.365,8149,12361,18781,3655,1228,892,3.157,44.6089,1.1043,0.9675,0.3868,93,0.0516,36.6873,0.658165166924019,0.19461157552846,1.37668161434978,0.00495181300250253
"33",4,"BBB","BBB-",9.1433,33.196,15.4036,3.94,1.938,1327,3161,6062,-124,372,548,2.527,25.1897,1.0109,0.2391,0.1788,6,-0.0169,15.4036,0.521445067634444,-0.0204552952820851,0.678832116788321,0.000989772352358957
"34",4,"BBB","BBB-",9.0978,27.2176,10.1592,4.7942,2.4096,1906,2546,5163,99,241,363,1.8611,38.7372,1.4187,1.0826,0.146,152,0.058,10.1592,0.493124152624443,0.0191748983149332,0.663911845730028,0.0294402479178772
"35",5,"BB","BB-",3.3742,10.3224,5.5236,14.5867,3.5243,1530,2739,3813,512,372,762,2.5698,41.8044,1.3924,0.769,0.0814,299,0.0871,5.5236,0.718332022029898,0.134277471806976,0.488188976377953,0.0784159454497771
"36",4,"BBB","BBB",8.7239,18.3321,13.2074,20.4148,8.3948,1597.08,2903.641,4678.841,1450.495,564.036,907.024,14.0387,34.2241,1.8311,1.3402,0.6451,753.845,0.1347,13.2074,0.620589799909849,0.310011603300903,0.621853445994814,0.161117892230148
"37",6,"B","B-",15.5259,41.0111,25.5268,16.8387,9.3286,52.088,3118.972,360.54,30.867,52.25,53.273,9.9859,18.7219,1.1008,1.0512,0.0916,5.368,0.0285,25.5268,8.65083485882288,0.085613246796472,0.980797026636382,0.0148887779441948
"38",5,"BB","BB",2.2654,3.861,2.6045,11.7006,5.0163,188.7,1583.5,2822.3,-1632,173.3,1245.7,46.069,8.6702,1.8837,1.0819,0.4473,1100.8,0.1738,2.6045,0.56106721468306,-0.578251780462743,0.139118567873485,0.390036495057223
"39",4,"BBB","BBB",-4.884,12.8148,-0.6094,-4.5453,-2.1352,6332,13668,25258,796,861,2671,-0.1994,25.0693,2.5541,2.0809,1.3927,4151,0.3928,-0.6094,0.54113548182754,0.0315147675983847,0.322351179333583,0.164343970227255
"40",4,"BBB","BBB-",-3.9291,34.5194,10.1544,-0.9367,-0.463,558.599,1546.43,2966.619,172.205,79.33,809.472,0.896,38.9275,0.5816,0.2748,0.074,-338.673,-0.5087,10.1544,0.521276914898745,0.0580475618877921,0.0980021544908286,-0.114161272478872
"41",4,"BBB","BBB",-28.4685,66.0697,70.7383,-31.761,-2.4325,201.723,4944.531,9435.322,-111.586,374.325,1220.8,1.4959,43.4613,2.6795,4.9688,3.335,-40.6669,-0.1261,70.7383,0.524044754381461,-0.011826411435667,0.306622706422018,-0.00431007018096468
"42",5,"BB","BB+",13.4371,44.9864,23.6527,19.9148,5.5969,2444.518,3734.167,5359.305,517.781,956.657,656.114,4.2403,48.1449,0.5801,0.5373,0.4042,-275.471,-0.1219,23.6527,0.696763293001611,0.0966134601408205,1.45806521427679,-0.0514005080882689
"43",5,"BB","BB+",16.3375,45.9387,25.7444,19.3707,5.5957,3781.02,4846.432,7180.043,850.963,620.748,487.619,3.0768,53.818,0.4877,0.3697,0.1738,-249.821,-0.1223,25.7444,0.674986486849731,0.11851781389053,1.27301848369321,-0.0347938027669194
"44",5,"BB","BB",-47.6226,34.9427,29.9735,-39.5909,-14.3279,1877.558,3206.151,4882.954,-856.668,370.907,523.312,3.8774,40.6298,0.9699,0.924,0.1812,-15.732,-0.0286,29.9735,0.65660069703708,-0.175440522274017,0.708768382914972,-0.00322182023422707
"45",5,"BB","BB",11.4154,34.43,28.9655,8.0555,3.1521,1919.08,3468.323,6067.844,114.492,298.133,603.952,3.1033,34.4699,0.8699,0.8314,0.1551,-78.55,-0.0418,28.9655,0.571590667129873,0.0188686459309105,0.493636911542639,-0.0129452899580147
"46",6,"B","B",-36.899,35.5555,-12.9811,-7.7878,-5.229,235.365,417.351,1239.04,-695.555,77.478,68.494,-1.3512,18.9958,0.578,0.578,0,-28.906,-0.0929,-12.9811,0.336834161931818,-0.561366057592975,1.13116477355681,-0.0233293517561983
"47",3,"A","A",17.9168,53.3618,37.3105,10.9746,3.1201,7139,10608,15093,3163,1038,595,2.7988,48.3005,0.7143,0.5983,0.042,-170,-0.0771,37.3105,0.702842377260982,0.209567349102233,1.74453781512605,-0.0112634996355927
"48",6,"B","B",-19.5334,7.35,6.3673,-130.7433,-30.6379,0,620.5548,161.434,-141.957,-28.086,126.143,1.7592,77.431,1.1276,0,0,16.098,0.0036,6.3673,3.84401551098282,-0.879350074953232,-0.222652069476705,0.0997187705192215
"49",6,"B","B+",-1.2166,22.3617,16.4814,-1.0911,-0.2729,748.459,1345.852,1761.705,20.263,-6.536,565.414,0.8179,55.8172,1.3306,0.3433,0.1099,186.911,0.7358,16.4814,0.763948561194979,0.0115019256913047,-0.0115596713204838,0.106096650687828
"50",6,"B","B+",-3.2365,18.7357,13.171,-4.3639,-0.8683,746.046,1076,1476.792,-4.531,13.364,298.654,1.1519,52.3378,1.6497,0.6697,0.1559,194.022,0.4384,13.171,0.728606330478497,-0.00306813688048148,0.0447474334849023,0.131380722539125
"51",4,"BBB","BBB-",8.2226,13.6124,6.4929,18.8397,6.465,1889,2362.096,4955,308,248,617,1.7267,39.4147,2.6029,1.5462,1.0519,989,0.1809,6.4929,0.476709586276488,0.0621594349142281,0.40194489465154,0.199596367305752
"52",3,"A","A+",-6.9297,48.4464,15.8309,-10.9269,-1.0724,944.128,918.9,1137.763,20.263,42.902,74.802,0.7068,84.5217,1.3021,1.2593,1.016,22.594,0.1383,15.8309,0.807637442947257,0.0178095086586574,0.573540814416727,0.0198582657372405
"53",5,"BB","BB-",-79.5307,33.4169,16.1111,-9.5143,-6.7068,591.589,1226.455,4797.919,-1928.024,113.663,90.705,12.8298,12.3301,12.041,10.2292,10.1074,1001.47,1.5447,16.1111,0.255622281243181,-0.401845883600786,1.25310622347169,0.208730076518591
"54",4,"BBB","BBB+",35.3645,66.8118,53.1012,20.9858,6.0949,6039,11519,17287,-1168,1095,1163,4.88,35.0263,0.4703,0.4067,0.1513,-616,-0.2711,53.1012,0.666338867356973,-0.0675652224214728,0.941530524505589,-0.0356337131948863
"55",3,"A","A",5.7542,25.4542,13.0222,22.6771,1.9674,4357.182,6680.719,7943.49,18.985,483.399,625.826,1.7884,55.2617,0.9934,0.3838,0.0911,-4.138,0.0053,13.0222,0.841030705647014,0.00239000741487684,0.772417572935608,-0.000520929717290511
"56",4,"BBB","BBB+",3.7344,15.6658,7.9936,4.5572,1.9804,1584.8,3074.2,5365.5,2100.5,393.1,600.8,2.9656,30.7986,1.5553,1.0401,0.1956,333.6,0.1132,7.9936,0.572956853974466,0.391482620445438,0.654294274300932,0.062175006989097
"57",3,"A","A-",15.8787,29.1881,19.4758,11.9144,5.0453,1905,3489,6161,2562,475,390,3.2393,31.1638,1.3744,0.9641,0.5051,146,0.056,19.4758,0.566304171400747,0.415841584158416,1.21794871794872,0.0236974517123844
"58",1,"AAA","AAA",52.6781,80.5405,9.10718639455782,11.3271,1.7277,158,53361,63124,8430,-3028,7831,2.5265,78.0353,2.3133,0.1771,0.112,4151,1.0289,72.9968,0.845336163741208,0.133546670046258,-0.386668369301494,0.0657594575755655
"59",4,"BBB","BBB+",1.1549,6.3433,2.9318,3.2787,1.2999,1487,2978,4893,1097,440,1235,2.3913,30.5334,2.749,1.1393,0.4802,2160,0.3889,2.9318,0.608624565706111,0.224197833639894,0.356275303643725,0.441446965052115
"60",6,"B","B-",-1.6835,36.1392,10.4751,-0.4797,-0.2313,4561,9198,19483,3933,928,2224,0.6481,29.9954,1.3817,0.7851,0.6578,849,0.3577,10.4751,0.472103885438588,0.201868295437048,0.41726618705036,0.0435764512652056
"61",3,"A","A-",9.6519,35.6098,21.6876,5.5624,1.7208,21277,31454,47904,1455,1884,3944,2.2201,47.5096,0.5492,0.1884,0.0682,-1778,-0.1871,21.6876,0.656604876419506,0.030373246492986,0.477687626774848,-0.0371158984635939
"62",3,"A","A-",21.0915,68.0792,35.9617,9.3646,3.0627,1819.478,2772.243,4058.911,411.595,327.645,279.415,2.4223,47.1084,0.4127,0.3792,0,-164.114,-0.2483,35.9617,0.683001672123385,0.101405278410884,1.17261063292951,-0.0404330126972481
"63",5,"BB","BB-",-11.3648,22.6023,18.0975,-5.3569,-3.1644,310.745,683.597,880.201,160.741,26.477,59.65,3.8929,35.8552,5.4006,4.9688,4.06,262.494,1.0289,18.0975,0.776637381688955,0.182618515543609,0.443872590108969,0.298220520085753
"64",5,"BB","BB-",1.7169,15.7705,10.9835,0.8902,0.5556,205.6089,620.5548,730.1658,204.978,47.2658,49.0798,3.1308,28.4325,4.1694,3.7426,2.683,155.5557,0.6643,10.9835,0.849882040489982,0.280728020950858,0.9630397841882,0.213041613288379
"65",6,"B","B",-6.7653,3.6992,-1.2853,-65.8721,-9.3609,1044.702,683.597,1248.35,-176.656,94.1,241.312,-0.1541,87.4406,1.3964,1.1452,0.2492,95.648,0.0519,-1.2853,0.547600432570994,-0.141511595305804,0.389951597931309,0.0766195377898826
"66",6,"B","B+",-52.8168,31.7453,11.8385,6.1449,-11.8693,467.029,534.853,955.651,8.998,32.125,42.459,0.47,50.6256,1.688,1.4761,1.3906,29.213,-2.1305,11.8385,0.55967398140116,0.00941557116562427,0.756612261240255,0.0305686908714583
"67",4,"BBB","BBB-",7.7025,26.0497,18.8941,21.0832,5.8031,3484.93,5585.2,11569.9676,277.5927,1539.9479,2205.1195,8.875,36.0407,1.7809,0.9984,0.4817,1722.0361,0.1836,18.8941,0.482732553200927,0.0239925218113835,0.698351223142329,0.148836726215206
"68",3,"A","A+",6.6495,52.6305,33.1647,1.2677,1.4365,5724.932,6553.171,5967.016,-569.443,700.492,802.385,1.2217,104.2837,0.3187,0.1771,0.092,-546.663,-0.4113,33.1647,1.09823251688951,-0.0954317870104588,0.873012331985269,-0.0916141334295065
"69",6,"B","B+",3.4466,7.5573,5.7672,15.5689,4.785,359.154,620.5548,920.1696,196.8273,106.0283,188.1561,3.823,39.2274,2.5333,0.6604,0.1305,288.4958,0.2164,5.7672,0.674391764300842,0.213903284785761,0.563512423992632,0.313524593727069
"70",3,"A","A+",1.1688,8.5418,-0.2243,-13.062,6.0949,150.342,872.0484,1164.1028,0,24.1313,252.9595,-0.2016,12.9148,1.1095,1.0567,0.7855,27.7035,-0.0558,-0.2243,0.749116315157046,0,0.0953959032967728,0.0237981559704177
"71",6,"B","B",-3.1181,41.5451,15.042,-1.9824,-0.7877,1215.674,2693.344,4456.556,216.933,348.766,315.064,1.5609,27.6483,1.3858,0.7372,0.4661,121.539,0.0794,15.042,0.604355470906234,0.048677274559099,1.10696874285859,0.0272719561921807
"72",4,"BBB","BBB+",7.1368,29.1663,10.1091,5.46,2.8232,4736,14633,32260,8457,1622,3193,3.9576,16.5499,1.3523,0.7222,0.4131,1125,0.0079,10.1091,0.453595784252945,0.262151270923745,0.507986219855935,0.0348729076255425
"73",6,"B","B",5.3287,29.9868,3.2925,2.5549,1.5815,485.1,1129.4,3400.5,-409.7,286.5,195.5,1.413,14.7302,5.1811,3.5867,3.335,817.4,0.7694,3.2925,0.332127628289957,-0.12048228201735,1.46547314578005,0.240376415233054
"74",2,"AA","AA+",9.2525,7.8294,0.8718,8.9378,5.1047,5032,16633,41654,25352,2015,3883,1.7895,12.5654,0.9866,0.6217,0.1007,-52,-0.0379,0.8718,0.399313391270946,0.60863302443943,0.518928663404584,-0.00124837950737024
"75",4,"BBB","BBB-",18.5038,35.4139,29.7477,19.0585,7.3572,2573.5536,6333,13960.424,1372.7944,895.1076,1354.196,51.6923,19.4505,2.3133,1.4,0.8223,1778.472,0.3053,29.7477,0.45363951696596,0.0983347210657785,0.660988217362922,0.127393838467943
"76",4,"BBB","BBB-",12.2831,73.7685,42.9257,9.1245,1.0683,2602.076,3118.972,3604.204,-601.157,76.753,220.37,1.4301,74.9534,1.1446,0.7037,0.2551,31.859,0.4167,42.9257,0.865370550612562,-0.16679327807194,0.34829150973363,0.00883939976760472
"77",4,"BBB","BBB+",24.6465,55.1189,42.5299,14.9675,4.689,4067.8,6963.7,10151.6,-530.3,805.9,2094.3,5.326,57.1959,0.1341,0.1182,0.0102,-1813.4,-0.8976,42.5299,0.68597068442413,-0.052238070845975,0.384806379219787,-0.178631939792742
"78",5,"BB","BB-",6.3205,13.1908,9.3606,22.5564,9.5743,172.221,337.654,580.597,-124.605,103.396,111.671,15.6327,30.9724,2.1692,0.9947,0.1877,130.566,0.1614,9.3606,0.581563459680295,-0.214615301146923,0.925898397972616,0.224882319405715
"79",5,"BB","BB+",-2.9954,25.9591,1.3335,-2.5887,-1.3236,1733.2,3795,7979.3,-11026.1,1025.7,637.7,0.4612,21.7212,3.2628,1.3284,1.2968,1443,0.4368,1.3335,0.475605629566503,-1.38183800584011,1.60843656891955,0.18084293108418
"80",6,"B","B",-4.8987,7.0032,5.6713,-25.9201,-4.8085,125.872,337.654,428.255,-59.107,-13.376,217.96,1.3826,53.9685,0.7842,0.4766,0.1072,-47.042,-0.1154,5.6713,0.788441465949026,-0.138018236798169,-0.0613690585428519,-0.109845769459784
"81",4,"BBB","BBB",2.1192,7.8366,4.5101,7.6584,2.8578,10470,21408,34436,4944,3045,6942,4.1262,33.8309,1.4699,0.3856,0.224,3262,0.0635,4.5101,0.621674991288187,0.143570681844581,0.438634399308557,0.0947264490649321
"82",3,"A","A-",5.5728,10.5803,7.3124,21.6825,9.6135,2394,12347,22566,7318,3266,8695,26.65,13.9856,1.1688,0.821,0.112,1468,0.0732,7.3124,0.547150580519365,0.324293184436763,0.375618171362852,0.0650536204910042
"83",2,"AA","AA-",-1.4562,10.3309,0.5718,-6.5836,-0.3964,873.407,4422.799,4422.799,0,46.977,442.308,0.1931,24.733,0.9519,0.9325,0.0947,-21.253,0.0136,0.5718,1,0,0.106208795680838,-0.00480532802869857
"84",2,"AA","AA",1.5621,13.1158,4.7392,5.148,0.6569,163.134,3161,1830.825,62.144,103.375,157.096,3.5455,8.972,2.0144,1.0854,1.0854,159.363,0.1502,4.7392,1.72654404435159,0.0339431676976227,0.658037123796914,0.0870443652451763
"85",5,"BB","BB-",-22.9722,8.5461,-18.235,-12.3115,-4.68,5053.239,5634.448,8921.224,-1795.067,-94.074,363.171,-1.0365,56.8385,1.2656,1.0334,0.4302,96.442,0.1231,-18.235,0.631577909040284,-0.201213084661925,-0.259035000041303,0.0108104000078913
"86",5,"BB","BB+",-0.6277,12.8351,1.4234,-0.7565,-0.2753,1502.209,2751.313,4556.663,1124.104,143.702,606.933,0.3159,34.1523,1.6899,0.9218,0.3689,418.734,0.2174,1.4234,0.603799973796614,0.246694565738129,0.236767485043654,0.0918948800909789
"87",4,"BBB","BBB",4.4691,7.2827,5.8532,21.4688,10.3973,1231,2912.9,5606.1,2106.1,707.4,1067.5,12.2504,22.2597,1.1176,0.3128,0.0258,125.5,0.0092,5.8532,0.519594727172187,0.375680062788748,0.662669789227166,0.0223863291771463
"88",6,"B","B-",1.7287,16.4917,12.8368,8.7719,1.7008,237.371,1345.852,396.274,12.817,29.046,59.294,2.3486,60.6098,3.0122,1.4369,0.7964,119.313,0.272,12.8368,3.39626621983779,0.0323437823324266,0.48986406719061,0.301087126584131
"89",2,"AA","AA",0,20.0161,-3.0209,0,0,1220,3546,3916,28,143,671,-0.4699,40.7303,0.6483,0.6066,0.4724,-236,0.0542,-3.0209,0.905515832482125,0.00715015321756895,0.213114754098361,-0.0602655771195097
"90",6,"B","B+",-1.3389,39.365,1.052,-0.3347,-0.1836,889.5,1865.1,3948,-843.6,228.3,175.4,0.1007,22.5304,2.3352,1.2161,1.0599,234.2,0.6709,1.052,0.47241641337386,-0.213677811550152,1.30159635119726,0.0593211752786221
"91",4,"BBB","BBB-",0.4939,15.8901,6.1842,-0.0525,0.2959,3859.6805,6553.171,10797.252,-168.545,578.3942,1729.531,2.014,40.9222,1.7879,0.904,0.4723,1362.6215,0.1785,6.1842,0.606929522437746,-0.0156099903938521,0.334422568892954,0.126200768491835
"92",5,"BB","BB-",10.3624,21.1778,15.855,31.3088,10.6581,546,1149,1799,-402,313,419,5.4902,41.4675,1.1862,0.7208,0.3842,78,0.06,15.855,0.638688160088938,-0.223457476375764,0.747016706443914,0.0433574207893274
"93",6,"B","B",-0.2087,21.768,1.8402,-0.2692,-0.1252,68.604,191.127,350.081,-130.3,39.831,74.028,0.6783,28.8033,1.0124,0.726,0.1846,0.918,0.0414,1.8402,0.54595079424476,-0.372199576669399,0.538053169071162,0.00262225027922109
"94",4,"BBB","BBB",11.0522,68.7672,46.2818,15.6898,1.5155,6097.375,7288.31,8663.43,-1599.967,531.803,481.647,2.1644,71.7031,1.3954,0.9733,0.6385,190.441,0.1671,46.2818,0.841273029273625,-0.184680548004659,1.10413435565881,0.0219821710338746
"95",5,"BB","BB+",11.7344,24.3847,19.2139,28.2694,10.4388,1159,3828,6208,1597,816,1259,6.103,28.0445,1.799,1.162,0.7625,1006,0.1794,19.2139,0.616623711340206,0.257248711340206,0.64813343923749,0.162048969072165
"96",3,"A","A-",16.8576,53.5734,32.4059,17.3206,3.74,4602,6779,8569,84,754,1460,2.1919,57.2062,0.1527,0.1158,0,-1237,-0.6293,32.4059,0.791107480452795,0.00980277745361186,0.516438356164384,-0.144357567977594
"97",4,"BBB","BBB+",9.587,34.9558,19.9115,11.7064,2.7377,2314,3668,4776,315,541,421,2.1429,48.4715,1.1805,0.5772,0,76,0.1206,19.9115,0.768006700167504,0.0659547738693467,1.28503562945368,0.0159128978224456
"98",4,"BBB","BBB+",5.9621,26.8412,12.9764,4.7862,1.2369,14276,22405,29221,1076,1053,3724,0.925,53.773,0.6743,0.3808,0.1085,-1213,-0.0817,12.9764,0.766743095718832,0.0368228328941515,0.282760472610097,-0.0415112419150611
"99",4,"BBB","BBB+",16.1999,30.1632,14.9708,9.1053,2.0165,5227,32186,41653,4696,1433,1695,4.503,13.7565,1.095,0.3599,0.3599,161,0.1043,14.9708,0.772717451324034,0.112740979041125,0.845427728613569,0.00386526780784097
"100",3,"A","A+",4.1441,18.3958,12.4976,19.3707,3.6706,254.91,291.053,214.564,-87.647,3.288,36.143,1.4961,126.1703,0.6171,0.17,0.17,-13.839,-0.0489,12.4976,1.35648571055722,-0.408488842489886,0.0909719724427967,-0.0644982382878768
"101",3,"A","A+",-4.322,42.4954,19.4895,-11.0091,-0.747,424.258,654.778,698.938,51.612,17.862,221.988,0.7682,89.8439,1.1243,1.1021,1.0359,27.583,0.2528,19.4895,0.936818430247032,0.0738434596487814,0.0804638088545327,0.0394641584804375
"102",5,"BB","BB-",0.7533,3.6323,1.9901,5.8397,2.1552,538,1757.6,2561.5,-143.5,165.3,1066.1,3.7113,32.6566,1.0855,0.3271,0.024,91.1,0.0158,1.9901,0.686160452859653,-0.056021862190123,0.155051120907982,0.0355650985750537
"103",4,"BBB","BBB",10.9518,25.8519,18.9659,6.056,3.3382,4145,6721,15017,-2010,1077,785,7.2054,27.642,0.8611,0.5987,0.0446,-109,-0.0085,18.9659,0.447559432643005,-0.133848305254045,1.37197452229299,-0.0072584404341746
"104",4,"BBB","BBB+",7.2487,25.8977,10.3007,3.896,1.8604,3707,9056,17255,6204,1260,1697,2.3299,26.6068,0.8214,0.34,0.0189,-303,-0.0558,10.3007,0.524833381628513,0.35954795711388,0.742486741308191,-0.0175601274992756
"105",5,"BB","BB",-15.5054,23.4921,-15.5476,-7.619,-3.3806,1906.934,2362.096,4324.214,-552.568,122.508,240.736,-1.1257,44.099,1.959,1.7006,0.4806,230.874,0.3826,-15.5476,0.54624863616833,-0.127784610104865,0.508889405822145,0.0533909746372404
"106",5,"BB","BB",4.8474,37.1981,20.9406,21.7895,2.1058,6116.9,8415.1,9262.3,235.7,1113,1220.8,2.017,66.8041,0.6479,0.4001,0.0183,-429.9,-0.0909,20.9406,0.908532437947378,0.0254472431253576,0.911697247706422,-0.0464139576563057
"107",2,"AA","AA+",9.3816,-6.0681,10.8753,-8.9354,-4.5416,272.239,1052.384,2492.762,-114.023,151.283,359.65,7.2807,11.0707,0.7737,0.7587,0.6777,-81.372,-0.7809,10.8753,0.422175883618252,-0.045741631170565,0.42063951063534,-0.0326433089079503
"108",4,"BBB","BBB-",-24.6797,30.6448,-9.7248,-13.062,-6.1042,4357,10606,19161,5695,1767,3555,-1.3988,27.4098,0.7308,0.4166,0.1024,-957,-0.1456,-9.7248,0.553520171181045,0.297218308021502,0.49704641350211,-0.049945201189917
"109",3,"A","A-",0.6348,12.5787,7.2638,1.217,0.4302,5265,13668,26638,3048,1562,5845,4.2171,24.0821,1.1015,0.4258,0.031,593,0.0184,7.2638,0.513101584203018,0.114423004730085,0.267236954662104,0.0222614310383662
"110",4,"BBB","BBB",70.8621,57.3157,57.6234,10.7016,5.5071,3405.568,8461,14173.76,2986.177,425.096,3555,3.7629,39.8877,1.0124,0.2748,0.024,-52,0.0036,57.6234,0.596948163366672,0.21068347425101,0.119576933895921,-0.00366875126995236
"111",5,"BB","BB",16.2134,31.4293,24.2151,13.1736,6.7532,595.706,903.753,1599.533,601.071,177.558,252.834,24.6501,38.7374,1.495,1.0014,0.8221,125.164,0.2342,24.2151,0.565010537450618,0.375779055511828,0.702271055316927,0.0782503393177884
"112",4,"BBB","BBB+",6.094,32.5354,15.4065,15.3141,2.9028,15330,23073,28342,4247,3957,5113,2.785,60.2816,0.5026,0.3812,0,-2543,-0.1802,15.4065,0.814092160045163,0.149848281702068,0.773909642088793,-0.0897254957307177
"113",5,"BB","BB-",-1.9684,43.4636,7.13,-0.9341,-0.5057,2111.9,2779.6,6602.4,-77.1,644.6,316.2,0.7184,31.9869,2.6262,2.5702,1.9949,514.2,0.3383,7.13,0.420998424815219,-0.0116775717920756,2.03858317520557,0.0778807706288622
"114",4,"BBB","BBB-",0.636,31.1043,11.2931,0.4213,0.2288,4310,8461,14431,1632,1353,1615,2.2802,30.1504,0.665,0.3944,0.2378,-541,-0.0795,11.2931,0.586307255214469,0.113089875961472,0.837770897832817,-0.0374887395190908
"115",4,"BBB","BBB",3.0166,5.3737,3.6844,6.6017,2.5809,821.94,5401.985,9298.319,2959.366,105.624,3962.152,5.1324,9.0656,1.0575,0.5026,0.2664,227.877,0.0198,3.6844,0.580963612885297,0.318268925813365,0.0266582402694293,0.0245073329921247
"116",5,"BB","BB+",0.562,2.9631,1.1237,5.0007,1.7324,1612.7,4732.5,7471.6,-170.2,588.9,2472.8,2.7102,23.3779,0.8757,0.2612,0.0836,-307.4,-0.0093,1.1237,0.633398468868783,-0.0227795920552492,0.238151083791653,-0.0411424594464372
"117",2,"AA","AA-",15.3789,10.1499,-0.6342,20.0495,5.7012,0,3668,2636.594,1188.767,177.681,1337.968,-0.1237,43.5073,0.6757,0.1235,0.1235,-433.967,-0.2212,-0.6342,1.39118878371111,0.450872223785687,0.132799140188704,-0.164593790321908
"118",4,"BBB","BBB+",5.6949,14.9142,10.3848,11.1697,5.6535,229.092,1525.462,1143.0699,474.2,111.565,154.772,6.3161,20.0689,1.9878,1.1534,0.2878,152.889,0.1287,10.3848,1.33453081040801,0.414847770901849,0.72083451787145,0.133752975211752
"119",4,"BBB","BBB+",1.5632,14.1372,9.7132,3.3839,1.7144,168,1865.1,1189.8,505.2,85,232,9.5522,14.1368,1.4849,0.7957,0.0466,112.5,0.078,9.7132,1.56757438224912,0.424609178013111,0.366379310344828,0.094553706505295
"120",3,"A","A-",1.619,24.1989,1.3802,1.0374,0.5222,16103,44072,88702,16093,5680,8117,0.8916,19.6501,1.3575,0.7636,0.3716,2902,0.1155,1.3802,0.496854636874028,0.181427701742914,0.699765923370703,0.0327162859912967
"121",6,"B","B-",-8.6612,-3.7336,-6.3341,-63.1886,-11.6243,227.023,683.597,896.738,-206.151,-11.141,446.346,-2.3021,56.7833,1.1951,0.3038,0.0073,87.075,0.0815,-6.3341,0.762315191282181,-0.229889889800588,-0.0249604566860687,0.097101940589113
"122",5,"BB","BB",14.5575,10.3622,4.4028,35.8765,14.7654,510.5,918.9,1847.5,-1136.2,146.8,311.9,2.4212,28.6225,1.3373,0.7958,0.016,105.2,0.059,4.4028,0.497374830852503,-0.614993234100135,0.470663674254569,0.0569418132611637
"123",7,"CCC","CCC+",-11.8985,10.3701,-9.725,-8.8529,-3.2373,373.133,610.5,949.439,-137.14,33.853,54.798,-0.9281,41.0021,3.017,1.8602,1.6247,110.529,0.2807,-9.725,0.643011294037848,-0.144443192242998,0.61777802109566,0.116415061947108
"124",5,"BB","BB",11.1828,33.4409,18.5484,6.1449,2.958,8244,18028,35629,10183,2485,2200,7.7009,23.4163,2.1645,1.36,0.6395,2562,0.3033,18.5484,0.505992309635409,0.285806505936176,1.12954545454545,0.0719077156249123
"125",5,"BB","BB-",31.4657,80.9328,53.8111,27.7345,4.8241,3829.707,4944.531,6138.572,467.863,527.359,205.478,2.5194,62.7449,4.3883,4.0785,3.8077,696.222,0.6485,53.8111,0.805485542891734,0.0762169116856494,2.5664986032568,0.113417583112164
"126",4,"BBB","BBB+",9.8627,39.7128,22.0836,142.2078,5.6386,823,15065,16005,985,2091,9722,2.8396,49.0534,0.5857,0.1003,0.0037,-4028,-0.3276,22.0836,0.941268353639488,0.0615432677288347,0.215079201810327,-0.251671352702281
"127",4,"BBB","BBB+",9.5554,33.0416,17.0482,14.659,4.4086,11604,20044,29077,3574,3219,4798,4.3466,44.8155,0.7038,0.3947,0.09,-1421,-0.1315,17.0482,0.689342091687588,0.122915018743337,0.670904543559817,-0.0488702410840183
"128",6,"B","B-",8.4334,19.9192,15.6839,32.5217,13.0071,156.397,3206.151,677.831,62.144,159.776,121.389,17.1224,23.3782,1.4211,1.3352,0.0299,51.119,0.0516,15.6839,4.73001529879867,0.0916806696654476,1.31623128949081,0.0754155534344106
"129",4,"BBB","BBB+",27.7449,26.3478,12.4485,24.6046,10.877,6278,14596,27852,7477,2984,4562,3.3902,26.5295,1.0158,0.8242,0.5191,72,-0.0796,12.4485,0.524055723107856,0.268454689070803,0.654099079351162,0.002585092632486
"130",3,"A","A",3.7568,13.3002,8.0347,9.7338,3.1407,1834.8,3356.1,4954.4,861.1,487.3,1083.2,3.7434,37.2376,0.5294,0.1989,0,-509.7,-0.1047,8.0347,0.677397868561279,0.17380510253512,0.449870753323486,-0.102878249636687
"131",2,"AA","AA-",40.6359,92.991,9.10718639455782,1.2677,0.1121,9621.361,10533.784,11514.836,921.052,-446.673,126.143,-2.9861,83.5562,1.6497,1.3719,1.2968,-1213,0.0075,87.131,0.914801044495988,0.0799882864158899,-3.54100504982441,-0.105342360064876
"132",4,"BBB","BBB-",7.0505,47.6429,19.9416,4.6913,1.5404,3722,6333,10996,-933,744,1217,1.951,39.6599,1.2769,0.7576,0.2506,337,0.1352,19.9416,0.575936704256093,-0.0848490360130957,0.611339359079704,0.0306475081847945
"133",3,"A","A-",1.857,36.431,20.9771,0.7007,0.3057,42243,60889,88051,1138,5069,7680,1.3173,50.9421,1.0526,0.4025,0.1323,404,-0.1211,20.9771,0.691519687453862,0.0129243279463038,0.660026041666667,0.00458824999148221
"134",3,"A","A-",2.567,36.5534,21.0476,1.5895,0.4148,42243,64406,87941,1577,5156,10018,1.3659,51.0058,0.8039,0.3055,0.0965,-1965,-0.1304,21.0476,0.732377389386066,0.0179324774564765,0.514673587542424,-0.0223445264438658
"135",4,"BBB","BBB-",8.1342,21.3875,14.0118,14.9607,7.2108,1209.8,2148.1,3782.2,979.8,315.9,717.3,9.0319,38.6283,1.3148,0.7686,0.0565,225.8,0.1221,14.0118,0.567949870445772,0.259055576119719,0.440401505646173,0.0597007032943789
"136",4,"BBB","BBB-",7.2444,17.1082,10.5373,14.0336,7.0333,347.9,993.5,2062.2,700.9,273.3,395.3,11.9551,16.88,1.4164,0.959,0.0422,164.6,0.0707,10.5373,0.481767044903501,0.339879740083406,0.69137364027321,0.079817670449035
"137",2,"AA","AA+",3.9571,8.9534,0.9697,5.0477,1.6895,360.401,3785.255,5670.456,0,188.609,291.276,1.0718,6.3558,1.116,1.0688,0.2986,33.794,0.0104,0.9697,0.667539788687188,0,0.647526744393634,0.00595966179792242
"138",2,"AA","AA-",8.1229,15.0471,9.2498,2.5549,3.299,201.45,1831.274,1831.274,12.817,106.685,235.138,5.8989,11.5481,1.1763,1.1193,0.9619,41.455,0.116,9.2498,1,0.00699895264171282,0.453712288103156,0.0226372459828513
"139",2,"AA","AA+",13.9186,13.3511,7.8438,20.0495,4.7285,7,9205,9205,0,412,952,6.1842,0.076,1.6124,1.5893,1.4947,583,0.1699,7.8438,1,0,0.432773109243697,0.063335143943509
"140",2,"AA","AA",10.8571,17.6005,11.8507,10.7859,4.7957,274.943,1612.218,3052.806,0,226.794,203.221,11.9276,9.4353,2.5625,2.4663,1.9982,317.526,0.2193,11.8507,0.528110204185919,0,1.11599687040217,0.104011194946551
"141",2,"AA","AA",21.8767,63.5895,37.8571,7.6715,5.012,348.336,716.289,2094.063,0,221.038,303.331,5.5929,26.1793,0.473,0.4179,0.3334,-159.858,-0.0433,37.8571,0.342057044129045,0,0.728702308699078,-0.0763386774896457
"142",4,"BBB","BBB-",7.3258,15.2584,10.8315,14.8587,9.0117,413,1359,3600,1542,689,459,20.0833,11.8889,2.0436,0.6427,0.1089,479,0.0948,10.8315,0.3775,0.428333333333333,1.50108932461874,0.133055555555556
"143",4,"BBB","BBB+",6.7256,34.7332,17.0824,5.5217,1.3203,6552,11369,16567,1901,895,1713,1.6149,40.6048,0.8079,0.5832,0.0204,-329,-0.1261,17.0824,0.686243737550552,0.114746182169373,0.522475189725628,-0.0198587553570351
"144",4,"BBB","BBB-",7.1663,19.1756,10.6746,14.6969,5.2324,1901.53,4103.594,6164.296,1422.95,648.541,1621.333,6.6917,33.2018,1.2125,1.0168,0.938,344.528,0.0358,10.6746,0.665703593727491,0.230837390027993,0.400004810856252,0.0558908916768436
"145",4,"BBB","BBB",1.1459,8.1439,4.698,7.3275,1.4442,11385,23156,37946,6704,3190,7831,4.2071,34.6308,1.4789,0.4923,0.3283,3750,0.0733,4.698,0.610235597954989,0.176672113002688,0.407355382454348,0.098824645548938
"146",3,"A","A",4.2592,12.4381,6.6482,10.3517,4.4755,49.708,1546.43,242.824,25.766,31.593,85.027,4.5821,23.0504,0.5332,0.2765,0.0725,-39.688,-0.0732,6.6482,6.3685220571278,0.106109774981056,0.37156432662566,-0.163443481698679
"147",3,"A","A",-7.5103,49.5529,19.9315,-5.7696,-1.0879,613.163,658.612,809.415,183.222,35.156,41.952,0.771,76.9354,1.3435,1.2208,1.0456,14.411,0.1023,19.9315,0.81368889877257,0.226363484738978,0.838005339435545,0.0178042166255876
"148",5,"BB","BB+",-17.2232,-0.6265,-26.4865,-6.5836,-3.3614,1573.8,4221.7,8801.7,-3130.3,664.8,475.1,-5.956,17.8806,1.1627,0.2789,0.205,77.3,0.0515,-26.4865,0.479645977481623,-0.355647204517309,1.39928436118712,0.00878239431019008
"149",6,"B","B",-49.354,-47.4059,-60.228,-71.5518,-28.7277,327.041,731.033,1099.937,-6228.987,158.113,226.591,-11.2539,36.5659,0.9058,0.5831,0.0762,-21.342,-0.0124,-60.228,0.664613518774257,-5.66303979227901,0.697790291759161,-0.0194029294405043
"150",3,"A","A",5.0566,5.8006,2.3202,21.7895,6.465,349.201,658.612,1315.793,62.144,102.837,162.267,7.2054,26.8063,1.6312,1.5245,1.1888,102.422,0.0871,2.3202,0.500543778542674,0.04722931342544,0.63375177947457,0.0778405113874295
