"","binaire_cote_credit_2016","Cote_crédit","Marge_bénéficiaire.nette","Marge_sur_EBITDA","Marge_sur_EBIT","Rendement_sur_cap_prop","Rendement_sur_actif","ratio_ben_avt_impot_sur_frais_int","ratio_tot_dette_sur_tot_actif","ratio_tot_liab_sur_tot_actif","ratio_B_non_rep_sur_Tot_actif","ratio_Flux_de_TR_expl_sur_passif_cour","ratio_actuel","Ratio_de_liquid_réduite","Ratio_de_liquidité","Ratio_Fonds_de_roulmt_sur_ventes","ratio_Fonds_de_roulement_sur_tot_actif","Total_actif","Marge_opérationnelle"
"1","firm_spec","B",-161.2056,-92.8188,-115.4563,-4.4658,-29.2129,-3.8273,95.0209,1.10118330763372,-0.364691414400465,0.372340500970314,1.6878,1.3719,0.9406,0.1616,0.0779737987240773,3731.574,-115.4563
"2","firm_inv","BBB",4.3992,12.3653,8.7018,9.7272,3.5513,4.2122,30.1362,0.636031362376938,0.332134645994223,0.300256786500367,1.2584,0.4248,0.0756,0.1188,0.0830631374167305,16963,8.7018
"3","firm_spec","BB",5.9685,14.8804,9.164,142.2078,6.2037,4.2563,43.7872,0.919346301442371,0.0222310440651052,0.547242314647378,0.9826,0.8332,0.6734,0.0075,-0.00509461426491994,15114,9.164
"4","firm_inv","A",0.4621,12.4982,6.2744,0.6135,0.2583,4.0991,29.8673,0.564291974458495,0.104263177663704,0.238703728099065,1.2006,0.4773,0.0904,0.0887,0.047671215725554,31948,6.2744
"5","firm_inv","BBB",11.9454,39.2516,21.3914,7.0256,1.9775,1.7817,51.7856,0.69508852921144,-0.0674012532144547,0.533965652293641,0.8999,0.549,0.202,-0.0104,-0.0066303710282709,6133.4275,21.3914
"6","firm_inv","BBB",9.2454,29.6443,17.3095,4.5852,2.0049,2.5265,38.0272,0.547536419426308,-0.058859282787287,0.45798614596928,0.7415,0.3592,0.0191,-0.038,-0.0252436131207968,10200.6,17.3095
"7","firm_inv","A",31.2969,77.9516,50.7817,10.5422,3.4825,2.7409,53.2825,0.66222127087364,0.111767285500624,0.510015393403104,0.4173,0.1171,0.0068,-0.4561,-0.0198206890873914,9109.875,50.7817
"8","firm_inv","A",8.4054,47.6638,32.4598,9.8522,1.7535,3.3157,42.4762,0.635013181910363,0.169590346785642,1.41152679474216,1.3994,1.2346,0.6127,0.1288,0.020026363820726,19724,32.4598
"9","firm_spec","CCC",-539.1182,-466.3148,-501.4624,-46.3817,-32.7511,-12.5635,24.1912,0.310374256993375,-0.269125071360967,-0.112361720891129,1.2329,1.1815,1.0296,2.4057,0.0651520647401752,2257.887,-501.4624
"10","firm_spec","BB",3.4617,10.5348,7.1159,5.2382,2.5524,2.7448,23.9114,0.500928290301694,0.0542707901380068,0.430371654020223,2.2261,1.5235,0.9647,0.3308,0.265093083655252,1374.57,7.1159
"11","firm_spec","BB",4.2303,10.954,7.6652,6.5315,3.234,3.3268,20.632,0.507999188182742,0.0786976428120779,0.162920259532525,2.1539,1.4826,0.9012,0.353,0.274110875303702,1542.219,7.6652
"12","firm_spec","BB",0.0898,2.1068,1.4149,0.582,0.1657,1.2922,58.412,0.68912449277309,-0.0456249629048834,0.14459799220464,1.1327,0.2564,0.1425,0.0379,0.0600288014294506,1600.615,1.4149
"13","firm_inv","BBB",7.6537,50.3155,31.9233,8.668,2.5401,4.6227,31.3925,0.591790690310323,-0.517495250158328,1.45134689389775,2.6795,1.4502,1.3134,0.39,0.120923052564915,25264,31.9233
"14","firm_spec","BB",-69.4203,-4.2451,-76.9741,-22.0868,-9.6242,-5.1886,38.1811,0.569237182159233,-0.673685401989732,1.63808117396976,0.7754,0.0179,0.0179,-0.0693,-0.00738210111480306,4594.085,-76.9741
"15","firm_spec","BB",18.57,73.8863,38.0076,14.3665,7.0149,6.4826,25.7691,1.36072780985955,4.40363037456762,1.92930893604378,0.4754,0.4754,0,-0.1241,-0.051053196577819,829.997,38.0076
"16","firm_inv","BBB",13.9555,39.8407,23.6889,21.7963,6.1793,5.7939,42.8255,0.64368963039834,-0.120539634389718,0.657202216066482,0.4803,0.372,0.0844,-0.2403,-0.104833559511455,50108,23.6889
"17","firm_inv","A",-7.4027,54.4963,17.2019,8.9378,4.785,0.6442,5.8823,3.55113977947053,0.555354374085941,0.548631801141173,1.284,1.2429,0.9958,-0.0929,0.0101494479690495,254.4966,17.2019
"18","firm_spec","B",-6.255,1.9157,-0.355,36.1536,-4.4698,-0.1547,38.3072,1.1528520108648,-0.336326995531412,0.0137924091412463,1.1372,0.458,0.3407,0.0503,0.0597126084289845,22826,-0.355
"19","firm_inv","BBB",17.8611,49.3162,38.1838,8.967,2.8469,3.5342,53.3761,0.65755166255634,0.170210051875159,0.239433551198257,1.116,0.5772,0.2664,0.3577,0.0117797006548176,2351.8,38.1838
"20","firm_inv","AA",9.0036,32.8197,15.4852,16.2811,3.9211,2.0923,65.7974,0.745256960057531,0.207152886275498,1.2238671250054,1.4738,1.014,1.014,0.0696,0.0428248849232056,2046.894,15.4852
"21","firm_inv","BBB",5.1292,44.9864,44.4019,2.9732,0.4283,2.5328,45.93,0.787116221659196,0.0515006821282401,0.0737239172993363,1.2329,0.7958,0.5051,-0.0558,0.0267329305528487,6157.2,44.4019
"22","firm_inv","BBB",22.4113,41.8913,20.7565,6.0907,2.4301,1.1199,39.1351,0.546698002350176,0,0.497029702970297,1.0772,0.7795,0.5188,0.1087,0.0054994124559342,21275,20.7565
"23","firm_inv","BBB",-1.4682,57.6672,25.8157,-1.1474,-0.1524,1.0446,36.7091,0.543137325593972,0,0.36468551644547,0.5234,0.2799,0.1287,-0.3,-0.029779716624004,27737,25.8157
"24","firm_spec","B",7.6811,12.4394,12.2488,9.5909,3.8869,4.358,42.2745,0.548998068107929,0.226821781514204,0.187399926117605,5.9001,0.1885,0.1885,1.2678,0.618659793541284,5321.6741,12.2488
"25","firm_inv","BBB",-2.534,9.4556,-5.8314,-1.1404,-0.723,-1.9079,18.1027,0.362540697895723,0.366080678388372,0.515570425461636,4.3512,1.1862,0.6825,0.6344,0.190634047091608,8249.198,-5.8314
"26","firm_inv","AAA",12.7445,65.3775,9.10718639455782,14.6163,0.5136,1.7592,92.6207,0.211464193929291,0.0340869625616448,34.3487795575896,2.3352,0.1171,1.0854,1.0289,0.0144161978189901,287940,-42.4494
"27","firm_inv","A",30.2401,54.3076,44.1306,24.4369,9.9103,11.0667,29.514,0.599508864721915,0.357341392989179,1.72938829787234,0.7005,0.3494,0.0585,-0.0725,-0.024313894810697,37057,44.1306
"28","firm_inv","BBB",-1.9401,33.961,-12.2397,-0.7605,-0.346,-2.9861,28.654,0.552124539626245,0.367037239121539,0.677926158680283,0.8515,0.285,0.0033,-0.0614,-0.0128904651480016,58648,-12.2397
"29","firm_inv","A",19.8194,40.9458,29.5865,18.0383,8.1921,77.8125,15.7213,0.535623159960746,0.200196270853778,1.40461401952085,1.1943,1.0426,0.7152,0.1321,0.0214916584887144,10190,29.5865
"30","firm_inv","A",27.3553,47.3458,38.2353,28.8306,14.5251,13.6667,13.1323,0.511600928074246,0.175986078886311,3.72243346007605,2.3688,2.0798,1.365,0.1026,0.0835266821345708,8620,38.2353
"31","firm_inv","BBB",4.9229,12.0758,9.0314,15.196,4.2055,7.3734,32.3171,0.686755212069325,0.215233588634102,0.153550644707314,1.7603,0.242,0.1244,0.2939,0.231251590809172,17286.8,9.0314
"32","firm_inv","A",18.2407,53.5452,36.6873,11.9248,3.365,3.157,44.6089,0.658165166924019,0.19461157552846,1.37668161434978,1.1043,0.9675,0.3868,0.0516,0.00495181300250253,18781,36.6873
"33","firm_inv","BBB",9.1433,33.196,15.4036,3.94,1.938,2.527,25.1897,0.521445067634444,-0.0204552952820851,0.678832116788321,1.0109,0.2391,0.1788,-0.0169,0.000989772352358957,6062,15.4036
"34","firm_inv","BBB",9.0978,27.2176,10.1592,4.7942,2.4096,1.8611,38.7372,0.493124152624443,0.0191748983149332,0.663911845730028,1.4187,1.0826,0.146,0.058,0.0294402479178772,5163,10.1592
"35","firm_spec","BB",3.3742,10.3224,5.5236,14.5867,3.5243,2.5698,41.8044,0.718332022029898,0.134277471806976,0.488188976377953,1.3924,0.769,0.0814,0.0871,0.0784159454497771,3813,5.5236
"36","firm_inv","BBB",8.7239,18.3321,13.2074,20.4148,8.3948,14.0387,34.2241,0.620589799909849,0.310011603300903,0.621853445994814,1.8311,1.3402,0.6451,0.1347,0.161117892230148,4678.841,13.2074
"37","firm_spec","B",15.5259,41.0111,25.5268,16.8387,9.3286,9.9859,18.7219,8.65083485882288,0.085613246796472,0.980797026636382,1.1008,1.0512,0.0916,0.0285,0.0148887779441948,360.54,25.5268
"38","firm_spec","BB",2.2654,3.861,2.6045,11.7006,5.0163,46.069,8.6702,0.56106721468306,-0.578251780462743,0.139118567873485,1.8837,1.0819,0.4473,0.1738,0.390036495057223,2822.3,2.6045
"39","firm_inv","BBB",-4.884,12.8148,-0.6094,-4.5453,-2.1352,-0.1994,25.0693,0.54113548182754,0.0315147675983847,0.322351179333583,2.5541,2.0809,1.3927,0.3928,0.164343970227255,25258,-0.6094
"40","firm_inv","BBB",-3.9291,34.5194,10.1544,-0.9367,-0.463,0.896,38.9275,0.521276914898745,0.0580475618877921,0.0980021544908286,0.5816,0.2748,0.074,-0.5087,-0.114161272478872,2966.619,10.1544
"41","firm_inv","BBB",-28.4685,66.0697,70.7383,-31.761,-2.4325,1.4959,43.4613,0.524044754381461,-0.011826411435667,0.306622706422018,2.6795,4.9688,3.335,-0.1261,-0.00431007018096468,9435.322,70.7383
"42","firm_spec","BB",13.4371,44.9864,23.6527,19.9148,5.5969,4.2403,48.1449,0.696763293001611,0.0966134601408205,1.45806521427679,0.5801,0.5373,0.4042,-0.1219,-0.0514005080882689,5359.305,23.6527
"43","firm_spec","BB",16.3375,45.9387,25.7444,19.3707,5.5957,3.0768,53.818,0.674986486849731,0.11851781389053,1.27301848369321,0.4877,0.3697,0.1738,-0.1223,-0.0347938027669194,7180.043,25.7444
"44","firm_spec","BB",-47.6226,34.9427,29.9735,-39.5909,-14.3279,3.8774,40.6298,0.65660069703708,-0.175440522274017,0.708768382914972,0.9699,0.924,0.1812,-0.0286,-0.00322182023422707,4882.954,29.9735
"45","firm_spec","BB",11.4154,34.43,28.9655,8.0555,3.1521,3.1033,34.4699,0.571590667129873,0.0188686459309105,0.493636911542639,0.8699,0.8314,0.1551,-0.0418,-0.0129452899580147,6067.844,28.9655
"46","firm_spec","B",-36.899,35.5555,-12.9811,-7.7878,-5.229,-1.3512,18.9958,0.336834161931818,-0.561366057592975,1.13116477355681,0.578,0.578,0,-0.0929,-0.0233293517561983,1239.04,-12.9811
"47","firm_inv","A",17.9168,53.3618,37.3105,10.9746,3.1201,2.7988,48.3005,0.702842377260982,0.209567349102233,1.74453781512605,0.7143,0.5983,0.042,-0.0771,-0.0112634996355927,15093,37.3105
"48","firm_spec","B",-19.5334,7.35,6.3673,-130.7433,-30.6379,1.7592,77.431,3.84401551098282,-0.879350074953232,-0.222652069476705,1.1276,0,0,0.0036,0.0997187705192215,161.434,6.3673
"49","firm_spec","B",-1.2166,22.3617,16.4814,-1.0911,-0.2729,0.8179,55.8172,0.763948561194979,0.0115019256913047,-0.0115596713204838,1.3306,0.3433,0.1099,0.7358,0.106096650687828,1761.705,16.4814
"50","firm_spec","B",-3.2365,18.7357,13.171,-4.3639,-0.8683,1.1519,52.3378,0.728606330478497,-0.00306813688048148,0.0447474334849023,1.6497,0.6697,0.1559,0.4384,0.131380722539125,1476.792,13.171
"51","firm_inv","BBB",8.2226,13.6124,6.4929,18.8397,6.465,1.7267,39.4147,0.476709586276488,0.0621594349142281,0.40194489465154,2.6029,1.5462,1.0519,0.1809,0.199596367305752,4955,6.4929
"52","firm_inv","A",-6.9297,48.4464,15.8309,-10.9269,-1.0724,0.7068,84.5217,0.807637442947257,0.0178095086586574,0.573540814416727,1.3021,1.2593,1.016,0.1383,0.0198582657372405,1137.763,15.8309
"53","firm_spec","BB",-79.5307,33.4169,16.1111,-9.5143,-6.7068,12.8298,12.3301,0.255622281243181,-0.401845883600786,1.25310622347169,12.041,10.2292,10.1074,1.5447,0.208730076518591,4797.919,16.1111
"54","firm_inv","BBB",35.3645,66.8118,53.1012,20.9858,6.0949,4.88,35.0263,0.666338867356973,-0.0675652224214728,0.941530524505589,0.4703,0.4067,0.1513,-0.2711,-0.0356337131948863,17287,53.1012
"55","firm_inv","A",5.7542,25.4542,13.0222,22.6771,1.9674,1.7884,55.2617,0.841030705647014,0.00239000741487684,0.772417572935608,0.9934,0.3838,0.0911,0.0053,-0.000520929717290511,7943.49,13.0222
"56","firm_inv","BBB",3.7344,15.6658,7.9936,4.5572,1.9804,2.9656,30.7986,0.572956853974466,0.391482620445438,0.654294274300932,1.5553,1.0401,0.1956,0.1132,0.062175006989097,5365.5,7.9936
"57","firm_inv","A",15.8787,29.1881,19.4758,11.9144,5.0453,3.2393,31.1638,0.566304171400747,0.415841584158416,1.21794871794872,1.3744,0.9641,0.5051,0.056,0.0236974517123844,6161,19.4758
"58","firm_inv","AAA",52.6781,80.5405,9.10718639455782,11.3271,1.7277,2.5265,78.0353,0.845336163741208,0.133546670046258,-0.386668369301494,2.3133,0.1771,0.112,1.0289,0.0657594575755655,63124,72.9968
"59","firm_inv","BBB",1.1549,6.3433,2.9318,3.2787,1.2999,2.3913,30.5334,0.608624565706111,0.224197833639894,0.356275303643725,2.749,1.1393,0.4802,0.3889,0.441446965052115,4893,2.9318
"60","firm_spec","B",-1.6835,36.1392,10.4751,-0.4797,-0.2313,0.6481,29.9954,0.472103885438588,0.201868295437048,0.41726618705036,1.3817,0.7851,0.6578,0.3577,0.0435764512652056,19483,10.4751
"61","firm_inv","A",9.6519,35.6098,21.6876,5.5624,1.7208,2.2201,47.5096,0.656604876419506,0.030373246492986,0.477687626774848,0.5492,0.1884,0.0682,-0.1871,-0.0371158984635939,47904,21.6876
"62","firm_inv","A",21.0915,68.0792,35.9617,9.3646,3.0627,2.4223,47.1084,0.683001672123385,0.101405278410884,1.17261063292951,0.4127,0.3792,0,-0.2483,-0.0404330126972481,4058.911,35.9617
"63","firm_spec","BB",-11.3648,22.6023,18.0975,-5.3569,-3.1644,3.8929,35.8552,0.776637381688955,0.182618515543609,0.443872590108969,5.4006,4.9688,4.06,1.0289,0.298220520085753,880.201,18.0975
"64","firm_spec","BB",1.7169,15.7705,10.9835,0.8902,0.5556,3.1308,28.4325,0.849882040489982,0.280728020950858,0.9630397841882,4.1694,3.7426,2.683,0.6643,0.213041613288379,730.1658,10.9835
"65","firm_spec","B",-6.7653,3.6992,-1.2853,-65.8721,-9.3609,-0.1541,87.4406,0.547600432570994,-0.141511595305804,0.389951597931309,1.3964,1.1452,0.2492,0.0519,0.0766195377898826,1248.35,-1.2853
"66","firm_spec","B",-52.8168,31.7453,11.8385,6.1449,-11.8693,0.47,50.6256,0.55967398140116,0.00941557116562427,0.756612261240255,1.688,1.4761,1.3906,-2.1305,0.0305686908714583,955.651,11.8385
"67","firm_inv","BBB",7.7025,26.0497,18.8941,21.0832,5.8031,8.875,36.0407,0.482732553200927,0.0239925218113835,0.698351223142329,1.7809,0.9984,0.4817,0.1836,0.148836726215206,11569.9676,18.8941
"68","firm_inv","A",6.6495,52.6305,33.1647,1.2677,1.4365,1.2217,104.2837,1.09823251688951,-0.0954317870104588,0.873012331985269,0.3187,0.1771,0.092,-0.4113,-0.0916141334295065,5967.016,33.1647
"69","firm_spec","B",3.4466,7.5573,5.7672,15.5689,4.785,3.823,39.2274,0.674391764300842,0.213903284785761,0.563512423992632,2.5333,0.6604,0.1305,0.2164,0.313524593727069,920.1696,5.7672
"70","firm_inv","A",1.1688,8.5418,-0.2243,-13.062,6.0949,-0.2016,12.9148,0.749116315157046,0,0.0953959032967728,1.1095,1.0567,0.7855,-0.0558,0.0237981559704177,1164.1028,-0.2243
"71","firm_spec","B",-3.1181,41.5451,15.042,-1.9824,-0.7877,1.5609,27.6483,0.604355470906234,0.048677274559099,1.10696874285859,1.3858,0.7372,0.4661,0.0794,0.0272719561921807,4456.556,15.042
"72","firm_inv","BBB",7.1368,29.1663,10.1091,5.46,2.8232,3.9576,16.5499,0.453595784252945,0.262151270923745,0.507986219855935,1.3523,0.7222,0.4131,0.0079,0.0348729076255425,32260,10.1091
"73","firm_spec","B",5.3287,29.9868,3.2925,2.5549,1.5815,1.413,14.7302,0.332127628289957,-0.12048228201735,1.46547314578005,5.1811,3.5867,3.335,0.7694,0.240376415233054,3400.5,3.2925
"74","firm_inv","AA",9.2525,7.8294,0.8718,8.9378,5.1047,1.7895,12.5654,0.399313391270946,0.60863302443943,0.518928663404584,0.9866,0.6217,0.1007,-0.0379,-0.00124837950737024,41654,0.8718
"75","firm_inv","BBB",18.5038,35.4139,29.7477,19.0585,7.3572,51.6923,19.4505,0.45363951696596,0.0983347210657785,0.660988217362922,2.3133,1.4,0.8223,0.3053,0.127393838467943,13960.424,29.7477
"76","firm_inv","BBB",12.2831,73.7685,42.9257,9.1245,1.0683,1.4301,74.9534,0.865370550612562,-0.16679327807194,0.34829150973363,1.1446,0.7037,0.2551,0.4167,0.00883939976760472,3604.204,42.9257
"77","firm_inv","BBB",24.6465,55.1189,42.5299,14.9675,4.689,5.326,57.1959,0.68597068442413,-0.052238070845975,0.384806379219787,0.1341,0.1182,0.0102,-0.8976,-0.178631939792742,10151.6,42.5299
"78","firm_spec","BB",6.3205,13.1908,9.3606,22.5564,9.5743,15.6327,30.9724,0.581563459680295,-0.214615301146923,0.925898397972616,2.1692,0.9947,0.1877,0.1614,0.224882319405715,580.597,9.3606
"79","firm_spec","BB",-2.9954,25.9591,1.3335,-2.5887,-1.3236,0.4612,21.7212,0.475605629566503,-1.38183800584011,1.60843656891955,3.2628,1.3284,1.2968,0.4368,0.18084293108418,7979.3,1.3335
"80","firm_spec","B",-4.8987,7.0032,5.6713,-25.9201,-4.8085,1.3826,53.9685,0.788441465949026,-0.138018236798169,-0.0613690585428519,0.7842,0.4766,0.1072,-0.1154,-0.109845769459784,428.255,5.6713
"81","firm_inv","BBB",2.1192,7.8366,4.5101,7.6584,2.8578,4.1262,33.8309,0.621674991288187,0.143570681844581,0.438634399308557,1.4699,0.3856,0.224,0.0635,0.0947264490649321,34436,4.5101
"82","firm_inv","A",5.5728,10.5803,7.3124,21.6825,9.6135,26.65,13.9856,0.547150580519365,0.324293184436763,0.375618171362852,1.1688,0.821,0.112,0.0732,0.0650536204910042,22566,7.3124
"83","firm_inv","AA",-1.4562,10.3309,0.5718,-6.5836,-0.3964,0.1931,24.733,1,0,0.106208795680838,0.9519,0.9325,0.0947,0.0136,-0.00480532802869857,4422.799,0.5718
"84","firm_inv","AA",1.5621,13.1158,4.7392,5.148,0.6569,3.5455,8.972,1.72654404435159,0.0339431676976227,0.658037123796914,2.0144,1.0854,1.0854,0.1502,0.0870443652451763,1830.825,4.7392
"85","firm_spec","BB",-22.9722,8.5461,-18.235,-12.3115,-4.68,-1.0365,56.8385,0.631577909040284,-0.201213084661925,-0.259035000041303,1.2656,1.0334,0.4302,0.1231,0.0108104000078913,8921.224,-18.235
"86","firm_spec","BB",-0.6277,12.8351,1.4234,-0.7565,-0.2753,0.3159,34.1523,0.603799973796614,0.246694565738129,0.236767485043654,1.6899,0.9218,0.3689,0.2174,0.0918948800909789,4556.663,1.4234
"87","firm_inv","BBB",4.4691,7.2827,5.8532,21.4688,10.3973,12.2504,22.2597,0.519594727172187,0.375680062788748,0.662669789227166,1.1176,0.3128,0.0258,0.0092,0.0223863291771463,5606.1,5.8532
"88","firm_spec","B",1.7287,16.4917,12.8368,8.7719,1.7008,2.3486,60.6098,3.39626621983779,0.0323437823324266,0.48986406719061,3.0122,1.4369,0.7964,0.272,0.301087126584131,396.274,12.8368
"89","firm_inv","AA",0,20.0161,-3.0209,0,0,-0.4699,40.7303,0.905515832482125,0.00715015321756895,0.213114754098361,0.6483,0.6066,0.4724,0.0542,-0.0602655771195097,3916,-3.0209
"90","firm_spec","B",-1.3389,39.365,1.052,-0.3347,-0.1836,0.1007,22.5304,0.47241641337386,-0.213677811550152,1.30159635119726,2.3352,1.2161,1.0599,0.6709,0.0593211752786221,3948,1.052
"91","firm_inv","BBB",0.4939,15.8901,6.1842,-0.0525,0.2959,2.014,40.9222,0.606929522437746,-0.0156099903938521,0.334422568892954,1.7879,0.904,0.4723,0.1785,0.126200768491835,10797.252,6.1842
"92","firm_spec","BB",10.3624,21.1778,15.855,31.3088,10.6581,5.4902,41.4675,0.638688160088938,-0.223457476375764,0.747016706443914,1.1862,0.7208,0.3842,0.06,0.0433574207893274,1799,15.855
"93","firm_spec","B",-0.2087,21.768,1.8402,-0.2692,-0.1252,0.6783,28.8033,0.54595079424476,-0.372199576669399,0.538053169071162,1.0124,0.726,0.1846,0.0414,0.00262225027922109,350.081,1.8402
"94","firm_inv","BBB",11.0522,68.7672,46.2818,15.6898,1.5155,2.1644,71.7031,0.841273029273625,-0.184680548004659,1.10413435565881,1.3954,0.9733,0.6385,0.1671,0.0219821710338746,8663.43,46.2818
"95","firm_spec","BB",11.7344,24.3847,19.2139,28.2694,10.4388,6.103,28.0445,0.616623711340206,0.257248711340206,0.64813343923749,1.799,1.162,0.7625,0.1794,0.162048969072165,6208,19.2139
"96","firm_inv","A",16.8576,53.5734,32.4059,17.3206,3.74,2.1919,57.2062,0.791107480452795,0.00980277745361186,0.516438356164384,0.1527,0.1158,0,-0.6293,-0.144357567977594,8569,32.4059
"97","firm_inv","BBB",9.587,34.9558,19.9115,11.7064,2.7377,2.1429,48.4715,0.768006700167504,0.0659547738693467,1.28503562945368,1.1805,0.5772,0,0.1206,0.0159128978224456,4776,19.9115
"98","firm_inv","BBB",5.9621,26.8412,12.9764,4.7862,1.2369,0.925,53.773,0.766743095718832,0.0368228328941515,0.282760472610097,0.6743,0.3808,0.1085,-0.0817,-0.0415112419150611,29221,12.9764
"99","firm_inv","BBB",16.1999,30.1632,14.9708,9.1053,2.0165,4.503,13.7565,0.772717451324034,0.112740979041125,0.845427728613569,1.095,0.3599,0.3599,0.1043,0.00386526780784097,41653,14.9708
"100","firm_inv","A",4.1441,18.3958,12.4976,19.3707,3.6706,1.4961,126.1703,1.35648571055722,-0.408488842489886,0.0909719724427967,0.6171,0.17,0.17,-0.0489,-0.0644982382878768,214.564,12.4976
"101","firm_inv","A",-4.322,42.4954,19.4895,-11.0091,-0.747,0.7682,89.8439,0.936818430247032,0.0738434596487814,0.0804638088545327,1.1243,1.1021,1.0359,0.2528,0.0394641584804375,698.938,19.4895
"102","firm_spec","BB",0.7533,3.6323,1.9901,5.8397,2.1552,3.7113,32.6566,0.686160452859653,-0.056021862190123,0.155051120907982,1.0855,0.3271,0.024,0.0158,0.0355650985750537,2561.5,1.9901
"103","firm_inv","BBB",10.9518,25.8519,18.9659,6.056,3.3382,7.2054,27.642,0.447559432643005,-0.133848305254045,1.37197452229299,0.8611,0.5987,0.0446,-0.0085,-0.0072584404341746,15017,18.9659
"104","firm_inv","BBB",7.2487,25.8977,10.3007,3.896,1.8604,2.3299,26.6068,0.524833381628513,0.35954795711388,0.742486741308191,0.8214,0.34,0.0189,-0.0558,-0.0175601274992756,17255,10.3007
"105","firm_spec","BB",-15.5054,23.4921,-15.5476,-7.619,-3.3806,-1.1257,44.099,0.54624863616833,-0.127784610104865,0.508889405822145,1.959,1.7006,0.4806,0.3826,0.0533909746372404,4324.214,-15.5476
"106","firm_spec","BB",4.8474,37.1981,20.9406,21.7895,2.1058,2.017,66.8041,0.908532437947378,0.0254472431253576,0.911697247706422,0.6479,0.4001,0.0183,-0.0909,-0.0464139576563057,9262.3,20.9406
"107","firm_inv","AA",9.3816,-6.0681,10.8753,-8.9354,-4.5416,7.2807,11.0707,0.422175883618252,-0.045741631170565,0.42063951063534,0.7737,0.7587,0.6777,-0.7809,-0.0326433089079503,2492.762,10.8753
"108","firm_inv","BBB",-24.6797,30.6448,-9.7248,-13.062,-6.1042,-1.3988,27.4098,0.553520171181045,0.297218308021502,0.49704641350211,0.7308,0.4166,0.1024,-0.1456,-0.049945201189917,19161,-9.7248
"109","firm_inv","A",0.6348,12.5787,7.2638,1.217,0.4302,4.2171,24.0821,0.513101584203018,0.114423004730085,0.267236954662104,1.1015,0.4258,0.031,0.0184,0.0222614310383662,26638,7.2638
"110","firm_inv","BBB",70.8621,57.3157,57.6234,10.7016,5.5071,3.7629,39.8877,0.596948163366672,0.21068347425101,0.119576933895921,1.0124,0.2748,0.024,0.0036,-0.00366875126995236,14173.76,57.6234
"111","firm_spec","BB",16.2134,31.4293,24.2151,13.1736,6.7532,24.6501,38.7374,0.565010537450618,0.375779055511828,0.702271055316927,1.495,1.0014,0.8221,0.2342,0.0782503393177884,1599.533,24.2151
"112","firm_inv","BBB",6.094,32.5354,15.4065,15.3141,2.9028,2.785,60.2816,0.814092160045163,0.149848281702068,0.773909642088793,0.5026,0.3812,0,-0.1802,-0.0897254957307177,28342,15.4065
"113","firm_spec","BB",-1.9684,43.4636,7.13,-0.9341,-0.5057,0.7184,31.9869,0.420998424815219,-0.0116775717920756,2.03858317520557,2.6262,2.5702,1.9949,0.3383,0.0778807706288622,6602.4,7.13
"114","firm_inv","BBB",0.636,31.1043,11.2931,0.4213,0.2288,2.2802,30.1504,0.586307255214469,0.113089875961472,0.837770897832817,0.665,0.3944,0.2378,-0.0795,-0.0374887395190908,14431,11.2931
"115","firm_inv","BBB",3.0166,5.3737,3.6844,6.6017,2.5809,5.1324,9.0656,0.580963612885297,0.318268925813365,0.0266582402694293,1.0575,0.5026,0.2664,0.0198,0.0245073329921247,9298.319,3.6844
"116","firm_spec","BB",0.562,2.9631,1.1237,5.0007,1.7324,2.7102,23.3779,0.633398468868783,-0.0227795920552492,0.238151083791653,0.8757,0.2612,0.0836,-0.0093,-0.0411424594464372,7471.6,1.1237
"117","firm_inv","AA",15.3789,10.1499,-0.6342,20.0495,5.7012,-0.1237,43.5073,1.39118878371111,0.450872223785687,0.132799140188704,0.6757,0.1235,0.1235,-0.2212,-0.164593790321908,2636.594,-0.6342
"118","firm_inv","BBB",5.6949,14.9142,10.3848,11.1697,5.6535,6.3161,20.0689,1.33453081040801,0.414847770901849,0.72083451787145,1.9878,1.1534,0.2878,0.1287,0.133752975211752,1143.0699,10.3848
"119","firm_inv","BBB",1.5632,14.1372,9.7132,3.3839,1.7144,9.5522,14.1368,1.56757438224912,0.424609178013111,0.366379310344828,1.4849,0.7957,0.0466,0.078,0.094553706505295,1189.8,9.7132
"120","firm_inv","A",1.619,24.1989,1.3802,1.0374,0.5222,0.8916,19.6501,0.496854636874028,0.181427701742914,0.699765923370703,1.3575,0.7636,0.3716,0.1155,0.0327162859912967,88702,1.3802
"121","firm_spec","B",-8.6612,-3.7336,-6.3341,-63.1886,-11.6243,-2.3021,56.7833,0.762315191282181,-0.229889889800588,-0.0249604566860687,1.1951,0.3038,0.0073,0.0815,0.097101940589113,896.738,-6.3341
"122","firm_spec","BB",14.5575,10.3622,4.4028,35.8765,14.7654,2.4212,28.6225,0.497374830852503,-0.614993234100135,0.470663674254569,1.3373,0.7958,0.016,0.059,0.0569418132611637,1847.5,4.4028
"123","firm_spec","CCC",-11.8985,10.3701,-9.725,-8.8529,-3.2373,-0.9281,41.0021,0.643011294037848,-0.144443192242998,0.61777802109566,3.017,1.8602,1.6247,0.2807,0.116415061947108,949.439,-9.725
"124","firm_spec","BB",11.1828,33.4409,18.5484,6.1449,2.958,7.7009,23.4163,0.505992309635409,0.285806505936176,1.12954545454545,2.1645,1.36,0.6395,0.3033,0.0719077156249123,35629,18.5484
"125","firm_spec","BB",31.4657,80.9328,53.8111,27.7345,4.8241,2.5194,62.7449,0.805485542891734,0.0762169116856494,2.5664986032568,4.3883,4.0785,3.8077,0.6485,0.113417583112164,6138.572,53.8111
"126","firm_inv","BBB",9.8627,39.7128,22.0836,142.2078,5.6386,2.8396,49.0534,0.941268353639488,0.0615432677288347,0.215079201810327,0.5857,0.1003,0.0037,-0.3276,-0.251671352702281,16005,22.0836
"127","firm_inv","BBB",9.5554,33.0416,17.0482,14.659,4.4086,4.3466,44.8155,0.689342091687588,0.122915018743337,0.670904543559817,0.7038,0.3947,0.09,-0.1315,-0.0488702410840183,29077,17.0482
"128","firm_spec","B",8.4334,19.9192,15.6839,32.5217,13.0071,17.1224,23.3782,4.73001529879867,0.0916806696654476,1.31623128949081,1.4211,1.3352,0.0299,0.0516,0.0754155534344106,677.831,15.6839
"129","firm_inv","BBB",27.7449,26.3478,12.4485,24.6046,10.877,3.3902,26.5295,0.524055723107856,0.268454689070803,0.654099079351162,1.0158,0.8242,0.5191,-0.0796,0.002585092632486,27852,12.4485
"130","firm_inv","A",3.7568,13.3002,8.0347,9.7338,3.1407,3.7434,37.2376,0.677397868561279,0.17380510253512,0.449870753323486,0.5294,0.1989,0,-0.1047,-0.102878249636687,4954.4,8.0347
"131","firm_inv","AA",40.6359,92.991,9.10718639455782,1.2677,0.1121,-2.9861,83.5562,0.914801044495988,0.0799882864158899,-3.54100504982441,1.6497,1.3719,1.2968,0.0075,-0.105342360064876,11514.836,87.131
"132","firm_inv","BBB",7.0505,47.6429,19.9416,4.6913,1.5404,1.951,39.6599,0.575936704256093,-0.0848490360130957,0.611339359079704,1.2769,0.7576,0.2506,0.1352,0.0306475081847945,10996,19.9416
"133","firm_inv","A",1.857,36.431,20.9771,0.7007,0.3057,1.3173,50.9421,0.691519687453862,0.0129243279463038,0.660026041666667,1.0526,0.4025,0.1323,-0.1211,0.00458824999148221,88051,20.9771
"134","firm_inv","A",2.567,36.5534,21.0476,1.5895,0.4148,1.3659,51.0058,0.732377389386066,0.0179324774564765,0.514673587542424,0.8039,0.3055,0.0965,-0.1304,-0.0223445264438658,87941,21.0476
"135","firm_inv","BBB",8.1342,21.3875,14.0118,14.9607,7.2108,9.0319,38.6283,0.567949870445772,0.259055576119719,0.440401505646173,1.3148,0.7686,0.0565,0.1221,0.0597007032943789,3782.2,14.0118
"136","firm_inv","BBB",7.2444,17.1082,10.5373,14.0336,7.0333,11.9551,16.88,0.481767044903501,0.339879740083406,0.69137364027321,1.4164,0.959,0.0422,0.0707,0.079817670449035,2062.2,10.5373
"137","firm_inv","AA",3.9571,8.9534,0.9697,5.0477,1.6895,1.0718,6.3558,0.667539788687188,0,0.647526744393634,1.116,1.0688,0.2986,0.0104,0.00595966179792242,5670.456,0.9697
"138","firm_inv","AA",8.1229,15.0471,9.2498,2.5549,3.299,5.8989,11.5481,1,0.00699895264171282,0.453712288103156,1.1763,1.1193,0.9619,0.116,0.0226372459828513,1831.274,9.2498
"139","firm_inv","AA",13.9186,13.3511,7.8438,20.0495,4.7285,6.1842,0.076,1,0,0.432773109243697,1.6124,1.5893,1.4947,0.1699,0.063335143943509,9205,7.8438
"140","firm_inv","AA",10.8571,17.6005,11.8507,10.7859,4.7957,11.9276,9.4353,0.528110204185919,0,1.11599687040217,2.5625,2.4663,1.9982,0.2193,0.104011194946551,3052.806,11.8507
"141","firm_inv","AA",21.8767,63.5895,37.8571,7.6715,5.012,5.5929,26.1793,0.342057044129045,0,0.728702308699078,0.473,0.4179,0.3334,-0.0433,-0.0763386774896457,2094.063,37.8571
"142","firm_inv","BBB",7.3258,15.2584,10.8315,14.8587,9.0117,20.0833,11.8889,0.3775,0.428333333333333,1.50108932461874,2.0436,0.6427,0.1089,0.0948,0.133055555555556,3600,10.8315
"143","firm_inv","BBB",6.7256,34.7332,17.0824,5.5217,1.3203,1.6149,40.6048,0.686243737550552,0.114746182169373,0.522475189725628,0.8079,0.5832,0.0204,-0.1261,-0.0198587553570351,16567,17.0824
"144","firm_inv","BBB",7.1663,19.1756,10.6746,14.6969,5.2324,6.6917,33.2018,0.665703593727491,0.230837390027993,0.400004810856252,1.2125,1.0168,0.938,0.0358,0.0558908916768436,6164.296,10.6746
"145","firm_inv","BBB",1.1459,8.1439,4.698,7.3275,1.4442,4.2071,34.6308,0.610235597954989,0.176672113002688,0.407355382454348,1.4789,0.4923,0.3283,0.0733,0.098824645548938,37946,4.698
"146","firm_inv","A",4.2592,12.4381,6.6482,10.3517,4.4755,4.5821,23.0504,6.3685220571278,0.106109774981056,0.37156432662566,0.5332,0.2765,0.0725,-0.0732,-0.163443481698679,242.824,6.6482
"147","firm_inv","A",-7.5103,49.5529,19.9315,-5.7696,-1.0879,0.771,76.9354,0.81368889877257,0.226363484738978,0.838005339435545,1.3435,1.2208,1.0456,0.1023,0.0178042166255876,809.415,19.9315
"148","firm_spec","BB",-17.2232,-0.6265,-26.4865,-6.5836,-3.3614,-5.956,17.8806,0.479645977481623,-0.355647204517309,1.39928436118712,1.1627,0.2789,0.205,0.0515,0.00878239431019008,8801.7,-26.4865
"149","firm_spec","B",-49.354,-47.4059,-60.228,-71.5518,-28.7277,-11.2539,36.5659,0.664613518774257,-5.66303979227901,0.697790291759161,0.9058,0.5831,0.0762,-0.0124,-0.0194029294405043,1099.937,-60.228
"150","firm_inv","A",5.0566,5.8006,2.3202,21.7895,6.465,7.2054,26.8063,0.500543778542674,0.04722931342544,0.63375177947457,1.6312,1.5245,1.1888,0.0871,0.0778405113874295,1315.793,2.3202
